[   -6321ms] [ERROR] Failed to load resource: net::ERR_NAME_NOT_RESOLVED @ https://hb.yahoo.net/cksync.php?cs=1&type=58280&ovsid=aebbec33-319a-4058-a0be-5b389889ae7e:0
[   -5878ms] [ERROR] Failed to load resource: net::ERR_NAME_NOT_RESOLVED @ https://su.addthis.com/red/usync?pid=11124&puid=692a57be-5639-4a69-838e-22e140080cf6&url=https%3a%2f%2fmatch.adsrvr.org%2ftrack%2fcmf%2fgeneric%3fttd_pid%3daddthis:0
[   -2800ms] [ERROR] Failed to load resource: net::ERR_TOO_MANY_REDIRECTS @ https://sync.pmbmonetize.live/psync?t=d&e=92&u=usid1-a61f6b64-e3ff-4a1b-b588-fd513608ba20&clp=aHR0cHM6Ly9tZWFzdXJlYWR2LmNvbS91c2VyQmFja0lmcmFtZT91aWQ9JVVTRVJfSUQlJmdkcHI9e0dEUFJ9JmdkcHJfY29uc2VudD17R0RQUl9DT05TRU5UfSZwPTE:0
[   -2690ms] [ERROR] Failed to load resource: net::ERR_TOO_MANY_REDIRECTS @ https://match.adsrvr.org/track/cmf/generic?ttd_pid=8h9u11h&ttd_tpi=1&gdpr=0&gdpr_consent=:0
[   -2690ms] [ERROR] Failed to load resource: net::ERR_TOO_MANY_REDIRECTS @ https://match.adsrvr.org/track/cmf/generic?ttd_pid=8h9u11h&ttd_tpi=1&gdpr=0&gdpr_consent=:0
[   -2690ms] [ERROR] Failed to load resource: net::ERR_TOO_MANY_REDIRECTS @ https://match.adsrvr.org/track/cmf/generic?ttd_pid=8h9u11h&ttd_tpi=1&gdpr=0&gdpr_consent=:0
[   -1477ms] [ERROR] Failed to load resource: the server responded with a status of 404 () @ https://sync.crwdcntrl.net/qmap?c=2700&tp=UNDR&gdpr=&gdpr_consent=&tpid=6f1ruoypiue386ty2wriux69c:0
[    -592ms] [ERROR] Attestation check for Shared Storage on https://www.googleadservices.com failed. @ https://www.googleadservices.com/pagead/managed/js/activeview/current/reach_worklet.html:0
[    -505ms] [ERROR] Attestation check for Shared Storage on https://www.googleadservices.com failed. @ https://www.googleadservices.com/pagead/managed/js/activeview/current/reach_worklet.html:0
[    -496ms] [ERROR] Attestation check for Shared Storage on https://www.googleadservices.com failed. @ https://www.googleadservices.com/pagead/managed/js/activeview/current/reach_worklet.html:0
[    -391ms] [ERROR] Failed to load resource: net::ERR_NAME_NOT_RESOLVED @ https://cs.lkqd.net/cs?partnerId=59&partnerUserId=CAESEOcE2RKdT8-ZWvftOuknn6Y&gdpr=0&google_cver=1:0
[    -390ms] [ERROR] Failed to load resource: net::ERR_NAME_NOT_RESOLVED @ https://cs.lkqd.net/cs?partnerId=59&redirect=https%3A%2F%2Fcm.g.doubleclick.net%2Fpixel%3Fgoogle_nid%3Dlkqd_dbm%26google_hm%3D%24%24rawlkqduserid%7Cbase64%24%24:0
[    -390ms] [ERROR] Failed to load resource: net::ERR_NAME_NOT_RESOLVED @ https://cs.lkqd.net/cs?partnerId=59&partnerUserId=CAESEOcE2RKdT8-ZWvftOuknn6Y&google_cver=1:0
[    -275ms] [ERROR] Failed to load resource: net::ERR_NAME_NOT_RESOLVED @ https://cs.lkqd.net/cs?partnerId=59&redirect=https%3A%2F%2Fcm.g.doubleclick.net%2Fpixel%3Fgoogle_nid%3Dlkqd_dbm%26google_hm%3D%24%24rawlkqduserid%7Cbase64%24%24:0
[    -275ms] [ERROR] Failed to load resource: net::ERR_NAME_NOT_RESOLVED @ https://cs.lkqd.net/cs?partnerId=59&partnerUserId=CAESEOcE2RKdT8-ZWvftOuknn6Y&gdpr=0&google_cver=1:0
[    -391ms] [ERROR] Failed to load resource: net::ERR_NAME_NOT_RESOLVED @ https://cs.lkqd.net/cs?partnerId=59&partnerUserId=CAESEOcE2RKdT8-ZWvftOuknn6Y&gdpr=0&google_cver=1:0
[    -390ms] [ERROR] Failed to load resource: net::ERR_NAME_NOT_RESOLVED @ https://cs.lkqd.net/cs?partnerId=59&redirect=https%3A%2F%2Fcm.g.doubleclick.net%2Fpixel%3Fgoogle_nid%3Dlkqd_dbm%26google_hm%3D%24%24rawlkqduserid%7Cbase64%24%24:0
[    -390ms] [ERROR] Failed to load resource: net::ERR_NAME_NOT_RESOLVED @ https://cs.lkqd.net/cs?partnerId=59&partnerUserId=CAESEOcE2RKdT8-ZWvftOuknn6Y&google_cver=1:0
[    -275ms] [ERROR] Failed to load resource: net::ERR_NAME_NOT_RESOLVED @ https://cs.lkqd.net/cs?partnerId=59&redirect=https%3A%2F%2Fcm.g.doubleclick.net%2Fpixel%3Fgoogle_nid%3Dlkqd_dbm%26google_hm%3D%24%24rawlkqduserid%7Cbase64%24%24:0
[    -275ms] [ERROR] Failed to load resource: net::ERR_NAME_NOT_RESOLVED @ https://cs.lkqd.net/cs?partnerId=59&partnerUserId=CAESEOcE2RKdT8-ZWvftOuknn6Y&gdpr=0&google_cver=1:0
[    -592ms] [ERROR] Attestation check for Shared Storage on https://www.googleadservices.com failed. @ https://www.googleadservices.com/pagead/managed/js/activeview/current/reach_worklet.html:0
[    -505ms] [ERROR] Attestation check for Shared Storage on https://www.googleadservices.com failed. @ https://www.googleadservices.com/pagead/managed/js/activeview/current/reach_worklet.html:0
[    -496ms] [ERROR] Attestation check for Shared Storage on https://www.googleadservices.com failed. @ https://www.googleadservices.com/pagead/managed/js/activeview/current/reach_worklet.html:0
[    -391ms] [ERROR] Failed to load resource: net::ERR_NAME_NOT_RESOLVED @ https://cs.lkqd.net/cs?partnerId=59&partnerUserId=CAESEOcE2RKdT8-ZWvftOuknn6Y&gdpr=0&google_cver=1:0
[    -390ms] [ERROR] Failed to load resource: net::ERR_NAME_NOT_RESOLVED @ https://cs.lkqd.net/cs?partnerId=59&redirect=https%3A%2F%2Fcm.g.doubleclick.net%2Fpixel%3Fgoogle_nid%3Dlkqd_dbm%26google_hm%3D%24%24rawlkqduserid%7Cbase64%24%24:0
[    -390ms] [ERROR] Failed to load resource: net::ERR_NAME_NOT_RESOLVED @ https://cs.lkqd.net/cs?partnerId=59&partnerUserId=CAESEOcE2RKdT8-ZWvftOuknn6Y&google_cver=1:0
[    -275ms] [ERROR] Failed to load resource: net::ERR_NAME_NOT_RESOLVED @ https://cs.lkqd.net/cs?partnerId=59&redirect=https%3A%2F%2Fcm.g.doubleclick.net%2Fpixel%3Fgoogle_nid%3Dlkqd_dbm%26google_hm%3D%24%24rawlkqduserid%7Cbase64%24%24:0
[    -275ms] [ERROR] Failed to load resource: net::ERR_NAME_NOT_RESOLVED @ https://cs.lkqd.net/cs?partnerId=59&partnerUserId=CAESEOcE2RKdT8-ZWvftOuknn6Y&gdpr=0&google_cver=1:0
[    -178ms] [ERROR] Attestation check for Shared Storage on https://www.googleadservices.com failed. @ https://www.googleadservices.com/pagead/managed/js/activeview/current/reach_worklet.html:0
[    -164ms] [ERROR] Failed to load resource: net::ERR_NAME_NOT_RESOLVED @ https://cs.lkqd.net/cs?partnerId=59&redirect=https%3A%2F%2Fcm.g.doubleclick.net%2Fpixel%3Fgoogle_nid%3Dlkqd_dbm%26google_hm%3D%24%24rawlkqduserid%7Cbase64%24%24:0
[    -163ms] [ERROR] Failed to load resource: net::ERR_NAME_NOT_RESOLVED @ https://cs.lkqd.net/cs?partnerId=59&partnerUserId=CAESEOcE2RKdT8-ZWvftOuknn6Y&gdpr=0&google_cver=1:0
[    -391ms] [ERROR] Failed to load resource: net::ERR_NAME_NOT_RESOLVED @ https://cs.lkqd.net/cs?partnerId=59&partnerUserId=CAESEOcE2RKdT8-ZWvftOuknn6Y&gdpr=0&google_cver=1:0
[    -390ms] [ERROR] Failed to load resource: net::ERR_NAME_NOT_RESOLVED @ https://cs.lkqd.net/cs?partnerId=59&redirect=https%3A%2F%2Fcm.g.doubleclick.net%2Fpixel%3Fgoogle_nid%3Dlkqd_dbm%26google_hm%3D%24%24rawlkqduserid%7Cbase64%24%24:0
[    -390ms] [ERROR] Failed to load resource: net::ERR_NAME_NOT_RESOLVED @ https://cs.lkqd.net/cs?partnerId=59&partnerUserId=CAESEOcE2RKdT8-ZWvftOuknn6Y&google_cver=1:0
[    -275ms] [ERROR] Failed to load resource: net::ERR_NAME_NOT_RESOLVED @ https://cs.lkqd.net/cs?partnerId=59&redirect=https%3A%2F%2Fcm.g.doubleclick.net%2Fpixel%3Fgoogle_nid%3Dlkqd_dbm%26google_hm%3D%24%24rawlkqduserid%7Cbase64%24%24:0
[    -275ms] [ERROR] Failed to load resource: net::ERR_NAME_NOT_RESOLVED @ https://cs.lkqd.net/cs?partnerId=59&partnerUserId=CAESEOcE2RKdT8-ZWvftOuknn6Y&gdpr=0&google_cver=1:0
[    -164ms] [ERROR] Failed to load resource: net::ERR_NAME_NOT_RESOLVED @ https://cs.lkqd.net/cs?partnerId=59&redirect=https%3A%2F%2Fcm.g.doubleclick.net%2Fpixel%3Fgoogle_nid%3Dlkqd_dbm%26google_hm%3D%24%24rawlkqduserid%7Cbase64%24%24:0
[    -163ms] [ERROR] Failed to load resource: net::ERR_NAME_NOT_RESOLVED @ https://cs.lkqd.net/cs?partnerId=59&partnerUserId=CAESEOcE2RKdT8-ZWvftOuknn6Y&gdpr=0&google_cver=1:0
[    -592ms] [ERROR] Attestation check for Shared Storage on https://www.googleadservices.com failed. @ https://www.googleadservices.com/pagead/managed/js/activeview/current/reach_worklet.html:0
[    -505ms] [ERROR] Attestation check for Shared Storage on https://www.googleadservices.com failed. @ https://www.googleadservices.com/pagead/managed/js/activeview/current/reach_worklet.html:0
[    -496ms] [ERROR] Attestation check for Shared Storage on https://www.googleadservices.com failed. @ https://www.googleadservices.com/pagead/managed/js/activeview/current/reach_worklet.html:0
[    -178ms] [ERROR] Attestation check for Shared Storage on https://www.googleadservices.com failed. @ https://www.googleadservices.com/pagead/managed/js/activeview/current/reach_worklet.html:0
[     -82ms] [ERROR] Attestation check for Shared Storage on https://www.googleadservices.com failed. @ https://www.googleadservices.com/pagead/managed/js/activeview/current/reach_worklet.html:0
[     -65ms] [ERROR] Failed to load resource: net::ERR_NAME_NOT_RESOLVED @ https://cs.lkqd.net/cs?partnerId=59&partnerUserId=CAESEOcE2RKdT8-ZWvftOuknn6Y&gdpr=0&google_cver=1:0
[     -65ms] [ERROR] Failed to load resource: net::ERR_NAME_NOT_RESOLVED @ https://cs.lkqd.net/cs?partnerId=59&redirect=https%3A%2F%2Fcm.g.doubleclick.net%2Fpixel%3Fgoogle_nid%3Dlkqd_dbm%26google_hm%3D%24%24rawlkqduserid%7Cbase64%24%24:0
[      51ms] [ERROR] Failed to load resource: net::ERR_NAME_NOT_RESOLVED @ https://cs.lkqd.net/cs?partnerId=59&redirect=https%3A%2F%2Fcm.g.doubleclick.net%2Fpixel%3Fgoogle_nid%3Dlkqd_dbm%26google_hm%3D%24%24rawlkqduserid%7Cbase64%24%24:0
[      51ms] [ERROR] Failed to load resource: net::ERR_NAME_NOT_RESOLVED @ https://cs.lkqd.net/cs?partnerId=59&partnerUserId=CAESEOcE2RKdT8-ZWvftOuknn6Y&gdpr=0&google_cver=1:0
[     691ms] [WARNING] [GPT] Unrecognized property encountered when calling setConfig: googletag.setConfig.contentPause
https://goo.gle/gpt-message#158 @ https://securepubads.g.doubleclick.net/pagead/managed/js/gpt/m202603020101/pubads_impl.js?cb=31096995:18
[     794ms] [WARNING] An iframe which has both allow-scripts and allow-same-origin for its sandbox attribute can escape its sandboxing. @ https://scripts.mf.webcontentassessor.com/scripts/b645646b30821176835045b38b345f7d4529d3e9b8560c8151c9094ecb54fe5f:0
[     933ms] [ERROR] Failed to load resource: the server responded with a status of 410 (Gone) @ https://ads.stickyadstv.com/user-matching?id=3586&gdpr=0&gdpr_consent=:0
[     997ms] [WARNING] Failed to execute 'postMessage' on 'DOMWindow': The target origin provided ('https://tpc.googlesyndication.com') does not match the recipient window's origin ('https://www.looperman.com'). @ https://live.primis.tech/content/pal/pal.js:9
[    1020ms] [ERROR] Failed to load resource: the server responded with a status of 404 () @ https://x.bidswitch.net/sync?ssp=sekindo&gdpr=0&gdpr_consent=:0
[    1470ms] [ERROR] Failed to load resource: the server responded with a status of 404 (Not Found) @ https://sync.colossusssp.com/ebfa23da174faa55634171c5e49d0152.gif?puid=AU1D-0100-001772492072-B711J5MN-QAZT&redir=http%3A%2F%2Fids.ad.gt%2Fapi%2Fv1%2Fcolossus%3Fcls_id%3D%5BUID%5D%26id%3DAU1D-0100-001772492072-B711J5MN-QAZT:0
[    1702ms] [WARNING] [Audigent] cannot find __gpp framework @ https://a.ad.gt/api/v1/u/matches/474?_it=freestar:0
[    2654ms] [WARNING] An iframe which has both allow-scripts and allow-same-origin for its sandbox attribute can escape its sandboxing. @ https://scripts.mf.webcontentassessor.com/scripts/b645646b30821176835045b38b345f7d4529d3e9b8560c8151c9094ecb54fe5f:0
[    2668ms] [WARNING] An iframe which has both allow-scripts and allow-same-origin for its sandbox attribute can escape its sandboxing. @ https://scripts.mf.webcontentassessor.com/scripts/b645646b30821176835045b38b345f7d4529d3e9b8560c8151c9094ecb54fe5f:0
[    2691ms] [WARNING] An iframe which has both allow-scripts and allow-same-origin for its sandbox attribute can escape its sandboxing. @ https://scripts.mf.webcontentassessor.com/scripts/b645646b30821176835045b38b345f7d4529d3e9b8560c8151c9094ecb54fe5f:0
[    3733ms] [WARNING] The resource https://d.pub.network/v2/sites/looperman-com/configs?env=PROD was preloaded using link preload but not used within a few seconds from the window's load event. Please make sure it has an appropriate `as` value and it is preloaded intentionally. @ https://www.looperman.com/loops?page=1&cid=20&gid=19&ftempo=130&ttempo=130:0
[    3733ms] [WARNING] The resource https://www.looperman.com/assets-v3/icons/fonts/looperman-icon.ttf?v=6.1.19 was preloaded using link preload but not used within a few seconds from the window's load event. Please make sure it has an appropriate `as` value and it is preloaded intentionally. @ https://www.looperman.com/loops?page=1&cid=20&gid=19&ftempo=130&ttempo=130:0
[   11901ms] [ERROR] Failed to load resource: the server responded with a status of 400 () @ https://eb2.3lift.com/xuid?idenv=:0
[   12309ms] [ERROR] Attestation check for Shared Storage on https://www.googleadservices.com failed. @ https://www.googleadservices.com/pagead/managed/js/activeview/current/reach_worklet.html:0
[   12333ms] [ERROR] Failed to load resource: the server responded with a status of 404 () @ https://sync.crwdcntrl.net/qmap?c=2700&tp=UNDR&gdpr=&gdpr_consent=&tpid=6f1ruoypiue386ty2wriux69c:0
[   12371ms] [ERROR] Attestation check for Shared Storage on https://www.googleadservices.com failed. @ https://www.googleadservices.com/pagead/managed/js/activeview/current/reach_worklet.html:0
[   12372ms] [ERROR] Attestation check for Shared Storage on https://www.googleadservices.com failed. @ https://www.googleadservices.com/pagead/managed/js/activeview/current/reach_worklet.html:0
[   12490ms] [ERROR] Attestation check for Shared Storage on https://www.googleadservices.com failed. @ https://www.googleadservices.com/pagead/managed/js/activeview/current/reach_worklet.html:0
[   12494ms] [ERROR] Attestation check for Shared Storage on https://www.googleadservices.com failed. @ https://www.googleadservices.com/pagead/managed/js/activeview/current/reach_worklet.html:0
[   12497ms] [ERROR] Attestation check for Shared Storage on https://www.googleadservices.com failed. @ https://www.googleadservices.com/pagead/managed/js/activeview/current/reach_worklet.html:0
[   12516ms] [ERROR] Attestation check for Shared Storage on https://www.googleadservices.com failed. @ https://www.googleadservices.com/pagead/managed/js/activeview/current/reach_worklet.html:0
[   12650ms] [WARNING] This richload has both an name and id attribute. Only the name will be used to set the richload name in this context. @ https://cdn.flashtalking.com/frameworks/js/api/2/10/html5API.js:0
[   12654ms] [WARNING] This richload has both an name and id attribute. Only the name will be used to set the richload name in this context. @ https://cdn.flashtalking.com/frameworks/js/api/2/10/html5API.js:0
[   12656ms] [WARNING] This richload has both an name and id attribute. Only the name will be used to set the richload name in this context. @ https://cdn.flashtalking.com/frameworks/js/api/2/10/html5API.js:0
[   12658ms] [WARNING] This richload has both an name and id attribute. Only the name will be used to set the richload name in this context. @ https://cdn.flashtalking.com/frameworks/js/api/2/10/html5API.js:0
[   12665ms] [ERROR] Attestation check for Shared Storage on https://www.googleadservices.com failed. @ https://www.googleadservices.com/pagead/managed/js/activeview/current/reach_worklet.html:0
[   12669ms] [ERROR] Attestation check for Shared Storage on https://www.googleadservices.com failed. @ https://www.googleadservices.com/pagead/managed/js/activeview/current/reach_worklet.html:0
[   12671ms] [ERROR] Attestation check for Shared Storage on https://www.googleadservices.com failed. @ https://www.googleadservices.com/pagead/managed/js/activeview/current/reach_worklet.html:0
[   14557ms] Failed to read a named property 'document' from 'Window': Blocked a frame with origin "https://d381188c2bc3eede4a7c5b7a6d2107d5.safeframe.googlesyndication.com" from accessing a frame with origin "https://www.looperman.com". Protocols, domains, and ports must match.
[   13628ms] [ERROR] Failed to load resource: net::ERR_NAME_NOT_RESOLVED @ https://sync.search.spotxchange.com/partner?adv_id=7025&redir=https%3A%2F%2Fcm.g.doubleclick.net%2Fpixel%3Fgoogle_nid%3Dspotxchange_dbm%26google_hm%3D%24SPOTX_BASE64_USER_ID:0
[   13628ms] [ERROR] Failed to load resource: net::ERR_NAME_NOT_RESOLVED @ https://sync.search.spotxchange.com/partner?adv_id=7025&uid=CAESELhNE3v4rdJvA-6e5V7E6Zo&google_cver=1:0
[   13791ms] [ERROR] Failed to load resource: net::ERR_TOO_MANY_REDIRECTS @ https://user-sync.fwmrm.net/ad/u?mode=user-register&dspid=9&dspuid=2VG6ywYB1VXca95&userId=2VG6ywYB1VXca95:0
[   12309ms] [ERROR] Attestation check for Shared Storage on https://www.googleadservices.com failed. @ https://www.googleadservices.com/pagead/managed/js/activeview/current/reach_worklet.html:0
[   12371ms] [ERROR] Attestation check for Shared Storage on https://www.googleadservices.com failed. @ https://www.googleadservices.com/pagead/managed/js/activeview/current/reach_worklet.html:0
[   12372ms] [ERROR] Attestation check for Shared Storage on https://www.googleadservices.com failed. @ https://www.googleadservices.com/pagead/managed/js/activeview/current/reach_worklet.html:0
[   12490ms] [ERROR] Attestation check for Shared Storage on https://www.googleadservices.com failed. @ https://www.googleadservices.com/pagead/managed/js/activeview/current/reach_worklet.html:0
[   12494ms] [ERROR] Attestation check for Shared Storage on https://www.googleadservices.com failed. @ https://www.googleadservices.com/pagead/managed/js/activeview/current/reach_worklet.html:0
[   12497ms] [ERROR] Attestation check for Shared Storage on https://www.googleadservices.com failed. @ https://www.googleadservices.com/pagead/managed/js/activeview/current/reach_worklet.html:0
[   12516ms] [ERROR] Attestation check for Shared Storage on https://www.googleadservices.com failed. @ https://www.googleadservices.com/pagead/managed/js/activeview/current/reach_worklet.html:0
[   12665ms] [ERROR] Attestation check for Shared Storage on https://www.googleadservices.com failed. @ https://www.googleadservices.com/pagead/managed/js/activeview/current/reach_worklet.html:0
[   12669ms] [ERROR] Attestation check for Shared Storage on https://www.googleadservices.com failed. @ https://www.googleadservices.com/pagead/managed/js/activeview/current/reach_worklet.html:0
[   12671ms] [ERROR] Attestation check for Shared Storage on https://www.googleadservices.com failed. @ https://www.googleadservices.com/pagead/managed/js/activeview/current/reach_worklet.html:0
[   12309ms] [ERROR] Attestation check for Shared Storage on https://www.googleadservices.com failed. @ https://www.googleadservices.com/pagead/managed/js/activeview/current/reach_worklet.html:0
[   12371ms] [ERROR] Attestation check for Shared Storage on https://www.googleadservices.com failed. @ https://www.googleadservices.com/pagead/managed/js/activeview/current/reach_worklet.html:0
[   12372ms] [ERROR] Attestation check for Shared Storage on https://www.googleadservices.com failed. @ https://www.googleadservices.com/pagead/managed/js/activeview/current/reach_worklet.html:0
[   12490ms] [ERROR] Attestation check for Shared Storage on https://www.googleadservices.com failed. @ https://www.googleadservices.com/pagead/managed/js/activeview/current/reach_worklet.html:0
[   12494ms] [ERROR] Attestation check for Shared Storage on https://www.googleadservices.com failed. @ https://www.googleadservices.com/pagead/managed/js/activeview/current/reach_worklet.html:0
[   12497ms] [ERROR] Attestation check for Shared Storage on https://www.googleadservices.com failed. @ https://www.googleadservices.com/pagead/managed/js/activeview/current/reach_worklet.html:0
[   12516ms] [ERROR] Attestation check for Shared Storage on https://www.googleadservices.com failed. @ https://www.googleadservices.com/pagead/managed/js/activeview/current/reach_worklet.html:0
[   12665ms] [ERROR] Attestation check for Shared Storage on https://www.googleadservices.com failed. @ https://www.googleadservices.com/pagead/managed/js/activeview/current/reach_worklet.html:0
[   12669ms] [ERROR] Attestation check for Shared Storage on https://www.googleadservices.com failed. @ https://www.googleadservices.com/pagead/managed/js/activeview/current/reach_worklet.html:0
[   12671ms] [ERROR] Attestation check for Shared Storage on https://www.googleadservices.com failed. @ https://www.googleadservices.com/pagead/managed/js/activeview/current/reach_worklet.html:0
[   14012ms] [ERROR] Attestation check for Shared Storage on https://www.googleadservices.com failed. @ https://www.googleadservices.com/pagead/managed/js/activeview/current/reach_worklet.html:0
[   14139ms] [ERROR] Attestation check for Shared Storage on https://www.googleadservices.com failed. @ https://www.googleadservices.com/pagead/managed/js/activeview/current/reach_worklet.html:0
[   14817ms] Failed to read a named property 'addEventListener' from 'Window': Blocked a frame with origin "https://d381188c2bc3eede4a7c5b7a6d2107d5.safeframe.googlesyndication.com" from accessing a cross-origin frame.
[   13628ms] [ERROR] Failed to load resource: net::ERR_NAME_NOT_RESOLVED @ https://sync.search.spotxchange.com/partner?adv_id=7025&redir=https%3A%2F%2Fcm.g.doubleclick.net%2Fpixel%3Fgoogle_nid%3Dspotxchange_dbm%26google_hm%3D%24SPOTX_BASE64_USER_ID:0
[   13628ms] [ERROR] Failed to load resource: net::ERR_NAME_NOT_RESOLVED @ https://sync.search.spotxchange.com/partner?adv_id=7025&uid=CAESELhNE3v4rdJvA-6e5V7E6Zo&google_cver=1:0
[   16023ms] [WARNING] Invalid property onEnd set to 3 Missing plugin? gsap.registerPlugin() @ https://cdn.flashtalking.com/frameworks/js/gsap/3.1.1/gsap.min.js:9
[   16040ms] [WARNING] Invalid property onEnd set to 3 Missing plugin? gsap.registerPlugin() @ https://cdn.flashtalking.com/frameworks/js/gsap/3.1.1/gsap.min.js:9
[   13628ms] [ERROR] Failed to load resource: net::ERR_NAME_NOT_RESOLVED @ https://sync.search.spotxchange.com/partner?adv_id=7025&redir=https%3A%2F%2Fcm.g.doubleclick.net%2Fpixel%3Fgoogle_nid%3Dspotxchange_dbm%26google_hm%3D%24SPOTX_BASE64_USER_ID:0
[   13628ms] [ERROR] Failed to load resource: net::ERR_NAME_NOT_RESOLVED @ https://sync.search.spotxchange.com/partner?adv_id=7025&uid=CAESELhNE3v4rdJvA-6e5V7E6Zo&google_cver=1:0
[   37676ms] [WARNING] An iframe which has both allow-scripts and allow-same-origin for its sandbox attribute can escape its sandboxing. @ https://scripts.mf.webcontentassessor.com/scripts/b645646b30821176835045b38b345f7d4529d3e9b8560c8151c9094ecb54fe5f:0
[   12309ms] [ERROR] Attestation check for Shared Storage on https://www.googleadservices.com failed. @ https://www.googleadservices.com/pagead/managed/js/activeview/current/reach_worklet.html:0
[   12371ms] [ERROR] Attestation check for Shared Storage on https://www.googleadservices.com failed. @ https://www.googleadservices.com/pagead/managed/js/activeview/current/reach_worklet.html:0
[   12372ms] [ERROR] Attestation check for Shared Storage on https://www.googleadservices.com failed. @ https://www.googleadservices.com/pagead/managed/js/activeview/current/reach_worklet.html:0
[   12490ms] [ERROR] Attestation check for Shared Storage on https://www.googleadservices.com failed. @ https://www.googleadservices.com/pagead/managed/js/activeview/current/reach_worklet.html:0
[   12494ms] [ERROR] Attestation check for Shared Storage on https://www.googleadservices.com failed. @ https://www.googleadservices.com/pagead/managed/js/activeview/current/reach_worklet.html:0
[   12497ms] [ERROR] Attestation check for Shared Storage on https://www.googleadservices.com failed. @ https://www.googleadservices.com/pagead/managed/js/activeview/current/reach_worklet.html:0
[   12516ms] [ERROR] Attestation check for Shared Storage on https://www.googleadservices.com failed. @ https://www.googleadservices.com/pagead/managed/js/activeview/current/reach_worklet.html:0
[   12665ms] [ERROR] Attestation check for Shared Storage on https://www.googleadservices.com failed. @ https://www.googleadservices.com/pagead/managed/js/activeview/current/reach_worklet.html:0
[   12669ms] [ERROR] Attestation check for Shared Storage on https://www.googleadservices.com failed. @ https://www.googleadservices.com/pagead/managed/js/activeview/current/reach_worklet.html:0
[   12671ms] [ERROR] Attestation check for Shared Storage on https://www.googleadservices.com failed. @ https://www.googleadservices.com/pagead/managed/js/activeview/current/reach_worklet.html:0
[   14012ms] [ERROR] Attestation check for Shared Storage on https://www.googleadservices.com failed. @ https://www.googleadservices.com/pagead/managed/js/activeview/current/reach_worklet.html:0
[   14139ms] [ERROR] Attestation check for Shared Storage on https://www.googleadservices.com failed. @ https://www.googleadservices.com/pagead/managed/js/activeview/current/reach_worklet.html:0
[   37881ms] [ERROR] Attestation check for Shared Storage on https://www.googleadservices.com failed. @ https://www.googleadservices.com/pagead/managed/js/activeview/current/reach_worklet.html:0
[   12309ms] [ERROR] Attestation check for Shared Storage on https://www.googleadservices.com failed. @ https://www.googleadservices.com/pagead/managed/js/activeview/current/reach_worklet.html:0
[   12371ms] [ERROR] Attestation check for Shared Storage on https://www.googleadservices.com failed. @ https://www.googleadservices.com/pagead/managed/js/activeview/current/reach_worklet.html:0
[   12372ms] [ERROR] Attestation check for Shared Storage on https://www.googleadservices.com failed. @ https://www.googleadservices.com/pagead/managed/js/activeview/current/reach_worklet.html:0
[   12490ms] [ERROR] Attestation check for Shared Storage on https://www.googleadservices.com failed. @ https://www.googleadservices.com/pagead/managed/js/activeview/current/reach_worklet.html:0
[   12494ms] [ERROR] Attestation check for Shared Storage on https://www.googleadservices.com failed. @ https://www.googleadservices.com/pagead/managed/js/activeview/current/reach_worklet.html:0
[   12497ms] [ERROR] Attestation check for Shared Storage on https://www.googleadservices.com failed. @ https://www.googleadservices.com/pagead/managed/js/activeview/current/reach_worklet.html:0
[   12516ms] [ERROR] Attestation check for Shared Storage on https://www.googleadservices.com failed. @ https://www.googleadservices.com/pagead/managed/js/activeview/current/reach_worklet.html:0
[   12665ms] [ERROR] Attestation check for Shared Storage on https://www.googleadservices.com failed. @ https://www.googleadservices.com/pagead/managed/js/activeview/current/reach_worklet.html:0
[   12669ms] [ERROR] Attestation check for Shared Storage on https://www.googleadservices.com failed. @ https://www.googleadservices.com/pagead/managed/js/activeview/current/reach_worklet.html:0
[   12671ms] [ERROR] Attestation check for Shared Storage on https://www.googleadservices.com failed. @ https://www.googleadservices.com/pagead/managed/js/activeview/current/reach_worklet.html:0
[   14012ms] [ERROR] Attestation check for Shared Storage on https://www.googleadservices.com failed. @ https://www.googleadservices.com/pagead/managed/js/activeview/current/reach_worklet.html:0
[   14139ms] [ERROR] Attestation check for Shared Storage on https://www.googleadservices.com failed. @ https://www.googleadservices.com/pagead/managed/js/activeview/current/reach_worklet.html:0
[   37881ms] [ERROR] Attestation check for Shared Storage on https://www.googleadservices.com failed. @ https://www.googleadservices.com/pagead/managed/js/activeview/current/reach_worklet.html:0
[   38057ms] [ERROR] Failed to load resource: net::ERR_NAME_NOT_RESOLVED @ https://cs.lkqd.net/cs?partnerId=109&partnerUserId=be66582b4a&gdpr=0&gdpr_consent=:0
[   38164ms] [ERROR] Attestation check for Shared Storage on https://www.googleadservices.com failed. @ https://www.googleadservices.com/pagead/managed/js/activeview/current/reach_worklet.html:0
[   13628ms] [ERROR] Failed to load resource: net::ERR_NAME_NOT_RESOLVED @ https://sync.search.spotxchange.com/partner?adv_id=7025&redir=https%3A%2F%2Fcm.g.doubleclick.net%2Fpixel%3Fgoogle_nid%3Dspotxchange_dbm%26google_hm%3D%24SPOTX_BASE64_USER_ID:0
[   13628ms] [ERROR] Failed to load resource: net::ERR_NAME_NOT_RESOLVED @ https://sync.search.spotxchange.com/partner?adv_id=7025&uid=CAESELhNE3v4rdJvA-6e5V7E6Zo&google_cver=1:0
[   38276ms] [WARNING] An iframe which has both allow-scripts and allow-same-origin for its sandbox attribute can escape its sandboxing. @ https://scripts.mf.webcontentassessor.com/scripts/b645646b30821176835045b38b345f7d4529d3e9b8560c8151c9094ecb54fe5f:0
[   38378ms] [ERROR] Failed to load resource: net::ERR_TOO_MANY_REDIRECTS @ https://pxl.iqm.com/i/ck/pubmatic?puid=595AAA24-699C-478D-A656-75A2F548DF90:0
[   38378ms] [ERROR] Failed to load resource: net::ERR_TOO_MANY_REDIRECTS @ https://partners.tremorhub.com/sync?UIIQ=5a2319ad-66fa-4e3d-a813-da5de62fe8db:0
[   38057ms] [ERROR] Failed to load resource: net::ERR_NAME_NOT_RESOLVED @ https://cs.lkqd.net/cs?partnerId=109&partnerUserId=be66582b4a&gdpr=0&gdpr_consent=:0
[   38378ms] [ERROR] Failed to load resource: net::ERR_TOO_MANY_REDIRECTS @ https://pxl.iqm.com/i/ck/pubmatic?puid=595AAA24-699C-478D-A656-75A2F548DF90:0
[   38378ms] [ERROR] Failed to load resource: net::ERR_TOO_MANY_REDIRECTS @ https://partners.tremorhub.com/sync?UIIQ=5a2319ad-66fa-4e3d-a813-da5de62fe8db:0
[   12309ms] [ERROR] Attestation check for Shared Storage on https://www.googleadservices.com failed. @ https://www.googleadservices.com/pagead/managed/js/activeview/current/reach_worklet.html:0
[   12371ms] [ERROR] Attestation check for Shared Storage on https://www.googleadservices.com failed. @ https://www.googleadservices.com/pagead/managed/js/activeview/current/reach_worklet.html:0
[   12372ms] [ERROR] Attestation check for Shared Storage on https://www.googleadservices.com failed. @ https://www.googleadservices.com/pagead/managed/js/activeview/current/reach_worklet.html:0
[   12490ms] [ERROR] Attestation check for Shared Storage on https://www.googleadservices.com failed. @ https://www.googleadservices.com/pagead/managed/js/activeview/current/reach_worklet.html:0
[   12494ms] [ERROR] Attestation check for Shared Storage on https://www.googleadservices.com failed. @ https://www.googleadservices.com/pagead/managed/js/activeview/current/reach_worklet.html:0
[   12497ms] [ERROR] Attestation check for Shared Storage on https://www.googleadservices.com failed. @ https://www.googleadservices.com/pagead/managed/js/activeview/current/reach_worklet.html:0
[   12516ms] [ERROR] Attestation check for Shared Storage on https://www.googleadservices.com failed. @ https://www.googleadservices.com/pagead/managed/js/activeview/current/reach_worklet.html:0
[   12665ms] [ERROR] Attestation check for Shared Storage on https://www.googleadservices.com failed. @ https://www.googleadservices.com/pagead/managed/js/activeview/current/reach_worklet.html:0
[   12669ms] [ERROR] Attestation check for Shared Storage on https://www.googleadservices.com failed. @ https://www.googleadservices.com/pagead/managed/js/activeview/current/reach_worklet.html:0
[   12671ms] [ERROR] Attestation check for Shared Storage on https://www.googleadservices.com failed. @ https://www.googleadservices.com/pagead/managed/js/activeview/current/reach_worklet.html:0
[   14012ms] [ERROR] Attestation check for Shared Storage on https://www.googleadservices.com failed. @ https://www.googleadservices.com/pagead/managed/js/activeview/current/reach_worklet.html:0
[   14139ms] [ERROR] Attestation check for Shared Storage on https://www.googleadservices.com failed. @ https://www.googleadservices.com/pagead/managed/js/activeview/current/reach_worklet.html:0
[   37881ms] [ERROR] Attestation check for Shared Storage on https://www.googleadservices.com failed. @ https://www.googleadservices.com/pagead/managed/js/activeview/current/reach_worklet.html:0
[   38164ms] [ERROR] Attestation check for Shared Storage on https://www.googleadservices.com failed. @ https://www.googleadservices.com/pagead/managed/js/activeview/current/reach_worklet.html:0
[   38748ms] [ERROR] Attestation check for Shared Storage on https://www.googleadservices.com failed. @ https://www.googleadservices.com/pagead/managed/js/activeview/current/reach_worklet.html:0
[   12309ms] [ERROR] Attestation check for Shared Storage on https://www.googleadservices.com failed. @ https://www.googleadservices.com/pagead/managed/js/activeview/current/reach_worklet.html:0
[   12371ms] [ERROR] Attestation check for Shared Storage on https://www.googleadservices.com failed. @ https://www.googleadservices.com/pagead/managed/js/activeview/current/reach_worklet.html:0
[   12372ms] [ERROR] Attestation check for Shared Storage on https://www.googleadservices.com failed. @ https://www.googleadservices.com/pagead/managed/js/activeview/current/reach_worklet.html:0
[   12490ms] [ERROR] Attestation check for Shared Storage on https://www.googleadservices.com failed. @ https://www.googleadservices.com/pagead/managed/js/activeview/current/reach_worklet.html:0
[   12494ms] [ERROR] Attestation check for Shared Storage on https://www.googleadservices.com failed. @ https://www.googleadservices.com/pagead/managed/js/activeview/current/reach_worklet.html:0
[   12497ms] [ERROR] Attestation check for Shared Storage on https://www.googleadservices.com failed. @ https://www.googleadservices.com/pagead/managed/js/activeview/current/reach_worklet.html:0
[   12516ms] [ERROR] Attestation check for Shared Storage on https://www.googleadservices.com failed. @ https://www.googleadservices.com/pagead/managed/js/activeview/current/reach_worklet.html:0
[   12665ms] [ERROR] Attestation check for Shared Storage on https://www.googleadservices.com failed. @ https://www.googleadservices.com/pagead/managed/js/activeview/current/reach_worklet.html:0
[   12669ms] [ERROR] Attestation check for Shared Storage on https://www.googleadservices.com failed. @ https://www.googleadservices.com/pagead/managed/js/activeview/current/reach_worklet.html:0
[   12671ms] [ERROR] Attestation check for Shared Storage on https://www.googleadservices.com failed. @ https://www.googleadservices.com/pagead/managed/js/activeview/current/reach_worklet.html:0
[   14012ms] [ERROR] Attestation check for Shared Storage on https://www.googleadservices.com failed. @ https://www.googleadservices.com/pagead/managed/js/activeview/current/reach_worklet.html:0
[   14139ms] [ERROR] Attestation check for Shared Storage on https://www.googleadservices.com failed. @ https://www.googleadservices.com/pagead/managed/js/activeview/current/reach_worklet.html:0
[   37881ms] [ERROR] Attestation check for Shared Storage on https://www.googleadservices.com failed. @ https://www.googleadservices.com/pagead/managed/js/activeview/current/reach_worklet.html:0
[   38164ms] [ERROR] Attestation check for Shared Storage on https://www.googleadservices.com failed. @ https://www.googleadservices.com/pagead/managed/js/activeview/current/reach_worklet.html:0
[   38748ms] [ERROR] Attestation check for Shared Storage on https://www.googleadservices.com failed. @ https://www.googleadservices.com/pagead/managed/js/activeview/current/reach_worklet.html:0
[   39055ms] [ERROR] Attestation check for Shared Storage on https://www.googleadservices.com failed. @ https://www.googleadservices.com/pagead/managed/js/activeview/current/reach_worklet.html:0
[   13628ms] [ERROR] Failed to load resource: net::ERR_NAME_NOT_RESOLVED @ https://sync.search.spotxchange.com/partner?adv_id=7025&redir=https%3A%2F%2Fcm.g.doubleclick.net%2Fpixel%3Fgoogle_nid%3Dspotxchange_dbm%26google_hm%3D%24SPOTX_BASE64_USER_ID:0
[   13628ms] [ERROR] Failed to load resource: net::ERR_NAME_NOT_RESOLVED @ https://sync.search.spotxchange.com/partner?adv_id=7025&uid=CAESELhNE3v4rdJvA-6e5V7E6Zo&google_cver=1:0
[   38057ms] [ERROR] Failed to load resource: net::ERR_NAME_NOT_RESOLVED @ https://cs.lkqd.net/cs?partnerId=109&partnerUserId=be66582b4a&gdpr=0&gdpr_consent=:0
[   38378ms] [ERROR] Failed to load resource: net::ERR_TOO_MANY_REDIRECTS @ https://pxl.iqm.com/i/ck/pubmatic?puid=595AAA24-699C-478D-A656-75A2F548DF90:0
[   38378ms] [ERROR] Failed to load resource: net::ERR_TOO_MANY_REDIRECTS @ https://partners.tremorhub.com/sync?UIIQ=5a2319ad-66fa-4e3d-a813-da5de62fe8db:0
[   12309ms] [ERROR] Attestation check for Shared Storage on https://www.googleadservices.com failed. @ https://www.googleadservices.com/pagead/managed/js/activeview/current/reach_worklet.html:0
[   12371ms] [ERROR] Attestation check for Shared Storage on https://www.googleadservices.com failed. @ https://www.googleadservices.com/pagead/managed/js/activeview/current/reach_worklet.html:0
[   12372ms] [ERROR] Attestation check for Shared Storage on https://www.googleadservices.com failed. @ https://www.googleadservices.com/pagead/managed/js/activeview/current/reach_worklet.html:0
[   12490ms] [ERROR] Attestation check for Shared Storage on https://www.googleadservices.com failed. @ https://www.googleadservices.com/pagead/managed/js/activeview/current/reach_worklet.html:0
[   12494ms] [ERROR] Attestation check for Shared Storage on https://www.googleadservices.com failed. @ https://www.googleadservices.com/pagead/managed/js/activeview/current/reach_worklet.html:0
[   12497ms] [ERROR] Attestation check for Shared Storage on https://www.googleadservices.com failed. @ https://www.googleadservices.com/pagead/managed/js/activeview/current/reach_worklet.html:0
[   12516ms] [ERROR] Attestation check for Shared Storage on https://www.googleadservices.com failed. @ https://www.googleadservices.com/pagead/managed/js/activeview/current/reach_worklet.html:0
[   12665ms] [ERROR] Attestation check for Shared Storage on https://www.googleadservices.com failed. @ https://www.googleadservices.com/pagead/managed/js/activeview/current/reach_worklet.html:0
[   12669ms] [ERROR] Attestation check for Shared Storage on https://www.googleadservices.com failed. @ https://www.googleadservices.com/pagead/managed/js/activeview/current/reach_worklet.html:0
[   12671ms] [ERROR] Attestation check for Shared Storage on https://www.googleadservices.com failed. @ https://www.googleadservices.com/pagead/managed/js/activeview/current/reach_worklet.html:0
[   14012ms] [ERROR] Attestation check for Shared Storage on https://www.googleadservices.com failed. @ https://www.googleadservices.com/pagead/managed/js/activeview/current/reach_worklet.html:0
[   14139ms] [ERROR] Attestation check for Shared Storage on https://www.googleadservices.com failed. @ https://www.googleadservices.com/pagead/managed/js/activeview/current/reach_worklet.html:0
[   37881ms] [ERROR] Attestation check for Shared Storage on https://www.googleadservices.com failed. @ https://www.googleadservices.com/pagead/managed/js/activeview/current/reach_worklet.html:0
[   38164ms] [ERROR] Attestation check for Shared Storage on https://www.googleadservices.com failed. @ https://www.googleadservices.com/pagead/managed/js/activeview/current/reach_worklet.html:0
[   38748ms] [ERROR] Attestation check for Shared Storage on https://www.googleadservices.com failed. @ https://www.googleadservices.com/pagead/managed/js/activeview/current/reach_worklet.html:0
[   39055ms] [ERROR] Attestation check for Shared Storage on https://www.googleadservices.com failed. @ https://www.googleadservices.com/pagead/managed/js/activeview/current/reach_worklet.html:0
[   39615ms] [ERROR] Attestation check for Shared Storage on https://www.googleadservices.com failed. @ https://www.googleadservices.com/pagead/managed/js/activeview/current/reach_worklet.html:0
[   12309ms] [ERROR] Attestation check for Shared Storage on https://www.googleadservices.com failed. @ https://www.googleadservices.com/pagead/managed/js/activeview/current/reach_worklet.html:0
[   12371ms] [ERROR] Attestation check for Shared Storage on https://www.googleadservices.com failed. @ https://www.googleadservices.com/pagead/managed/js/activeview/current/reach_worklet.html:0
[   12372ms] [ERROR] Attestation check for Shared Storage on https://www.googleadservices.com failed. @ https://www.googleadservices.com/pagead/managed/js/activeview/current/reach_worklet.html:0
[   12490ms] [ERROR] Attestation check for Shared Storage on https://www.googleadservices.com failed. @ https://www.googleadservices.com/pagead/managed/js/activeview/current/reach_worklet.html:0
[   12494ms] [ERROR] Attestation check for Shared Storage on https://www.googleadservices.com failed. @ https://www.googleadservices.com/pagead/managed/js/activeview/current/reach_worklet.html:0
[   12497ms] [ERROR] Attestation check for Shared Storage on https://www.googleadservices.com failed. @ https://www.googleadservices.com/pagead/managed/js/activeview/current/reach_worklet.html:0
[   12516ms] [ERROR] Attestation check for Shared Storage on https://www.googleadservices.com failed. @ https://www.googleadservices.com/pagead/managed/js/activeview/current/reach_worklet.html:0
[   12665ms] [ERROR] Attestation check for Shared Storage on https://www.googleadservices.com failed. @ https://www.googleadservices.com/pagead/managed/js/activeview/current/reach_worklet.html:0
[   12669ms] [ERROR] Attestation check for Shared Storage on https://www.googleadservices.com failed. @ https://www.googleadservices.com/pagead/managed/js/activeview/current/reach_worklet.html:0
[   12671ms] [ERROR] Attestation check for Shared Storage on https://www.googleadservices.com failed. @ https://www.googleadservices.com/pagead/managed/js/activeview/current/reach_worklet.html:0
[   14012ms] [ERROR] Attestation check for Shared Storage on https://www.googleadservices.com failed. @ https://www.googleadservices.com/pagead/managed/js/activeview/current/reach_worklet.html:0
[   14139ms] [ERROR] Attestation check for Shared Storage on https://www.googleadservices.com failed. @ https://www.googleadservices.com/pagead/managed/js/activeview/current/reach_worklet.html:0
[   37881ms] [ERROR] Attestation check for Shared Storage on https://www.googleadservices.com failed. @ https://www.googleadservices.com/pagead/managed/js/activeview/current/reach_worklet.html:0
[   38164ms] [ERROR] Attestation check for Shared Storage on https://www.googleadservices.com failed. @ https://www.googleadservices.com/pagead/managed/js/activeview/current/reach_worklet.html:0
[   38748ms] [ERROR] Attestation check for Shared Storage on https://www.googleadservices.com failed. @ https://www.googleadservices.com/pagead/managed/js/activeview/current/reach_worklet.html:0
[   39055ms] [ERROR] Attestation check for Shared Storage on https://www.googleadservices.com failed. @ https://www.googleadservices.com/pagead/managed/js/activeview/current/reach_worklet.html:0
[   39615ms] [ERROR] Attestation check for Shared Storage on https://www.googleadservices.com failed. @ https://www.googleadservices.com/pagead/managed/js/activeview/current/reach_worklet.html:0
[   40381ms] [ERROR] Attestation check for Shared Storage on https://www.googleadservices.com failed. @ https://www.googleadservices.com/pagead/managed/js/activeview/current/reach_worklet.html:0
[   48204ms] [WARNING] The key "target-densitydpi" is not supported. @ https://s-static.innovid.com/mobileapps/s/js/vpaid/24f7i1?cb=8cc19569-d992-dd59-8007-8fb28331cffc&deviceid=&ivc=ivc_app_bundle_id%3Dwww.looperman.com%26ivc_deviceid_raw%3D%26ivc_inapp_optout%3D0%26ivc_transaction%3D7441265f-d880-4528-9244-81252e70da0c%26ivc_creativeid%3Dnn687ivo%26ivc_placementid%3Dpee20kn%26ivc_dealid%3Dyieldmo_zenith_elililly_olv_ron_ttd%26ivc_publisherid%3D2396533383539662849%26ivc_site%3Dwww.looperman.com%26ivc_supplyvendor%3Dyieldmo%26ivc_campaignid%3Dt2bpz09%26ivc_dsp%3Dttd%26ivc_ttdimpid%3D7441265f-d880-4528-9244-81252e70da0c%26ivc_ttdid%3D692a57be-5639-4a69-838e-22e140080cf6%26ivc_signalid%3D%26ivc_ttd_dco_mappingrule_macro%3D%26ivc_ttd_mappingrule_single_output%3D%26ivc_category%3Ddv-51004241%26ivc_dealID%3Dyieldmo_zenith_elililly_olv_ron_ttd%26DVP_PROG_REP%3D1%26DVP_DV_TT%3D4%26DVP_PP_ID%3D2%26prr%3D1%26DVP_DV_CT%3D2%26DVP_PP_IMP_ID%3D7441265f-d880-4528-9244-81252e70da0c%26DVP_PP_UID%3D692a57be-5639-4a69-838e-22e140080cf6%26DVP_PP_DEAL_ID%3Dyieldmo_zenith_elililly_olv_ron_ttd%26DVP_TTD_1%3Dg4gduu2%26DVP_TTD_2%3Ds7vfbct%26DVP_TTD_3%3Dpee20kn%26DVP_TTD_4%3Dt2bpz09%26DVP_TTD_5%3Dnn687ivo%26DVP_TTD_6%3Dyieldmo%26DVP_TTD_7%3Ddv-51004241%26turl%3Dwww.looperman.com%252floops%26DVP_TTD_8%3D2396533383539662849%26DVP_C5%3Dwww.looperman.com%26dipn%3Ddeviceid%26deviceid%3D%26ivc_deviceid_raw%3D%26iv_geo_dma%3D501%26iv_geo_country%3DUS%26iv_geo_city%3DThe+Bronx%26iv_geo_state%3DNY%26iv_geo_zip%3D10463%26iv_geo_lat%3D40.8777%26iv_geo_lon%3D-73.908%26:31
[   48716ms] [ERROR] Failed to load resource: net::ERR_UNKNOWN_URL_SCHEME @ about:blank:0
[   13628ms] [ERROR] Failed to load resource: net::ERR_NAME_NOT_RESOLVED @ https://sync.search.spotxchange.com/partner?adv_id=7025&redir=https%3A%2F%2Fcm.g.doubleclick.net%2Fpixel%3Fgoogle_nid%3Dspotxchange_dbm%26google_hm%3D%24SPOTX_BASE64_USER_ID:0
[   13628ms] [ERROR] Failed to load resource: net::ERR_NAME_NOT_RESOLVED @ https://sync.search.spotxchange.com/partner?adv_id=7025&uid=CAESELhNE3v4rdJvA-6e5V7E6Zo&google_cver=1:0
[   66532ms] [ERROR] Failed to load resource: the server responded with a status of 410 (Gone) @ https://ads.stickyadstv.com/user-matching?id=11:0
[   66543ms] [ERROR] Failed to load resource: the server responded with a status of 410 (Gone) @ https://ads.stickyadstv.com/user-registering?dataProviderId=141&userId=CAESED7CBMsuw-mLqwnRgbw6wqc&google_cver=1&gdpr=0:0
[   66597ms] [ERROR] Failed to load resource: net::ERR_NAME_NOT_RESOLVED @ https://tags.bluekai.com/site/2981?redir=https%3A%2F%2Fcm.g.doubleclick.net%2Fpixel%3Fgoogle_nid%3Dbluekai%26google_hm%3D%24_BK_UUID_B64&gdpr=0:0
[   66597ms] [ERROR] Failed to load resource: net::ERR_NAME_NOT_RESOLVED @ https://tags.bluekai.com/site/2981?id=&gdpr=0&google_gid=CAESEApDBglyoUn03S0p57PTJts&google_cver=1:0
[   38057ms] [ERROR] Failed to load resource: net::ERR_NAME_NOT_RESOLVED @ https://cs.lkqd.net/cs?partnerId=109&partnerUserId=be66582b4a&gdpr=0&gdpr_consent=:0
[   38378ms] [ERROR] Failed to load resource: net::ERR_TOO_MANY_REDIRECTS @ https://pxl.iqm.com/i/ck/pubmatic?puid=595AAA24-699C-478D-A656-75A2F548DF90:0
[   38378ms] [ERROR] Failed to load resource: net::ERR_TOO_MANY_REDIRECTS @ https://partners.tremorhub.com/sync?UIIQ=5a2319ad-66fa-4e3d-a813-da5de62fe8db:0
[   12309ms] [ERROR] Attestation check for Shared Storage on https://www.googleadservices.com failed. @ https://www.googleadservices.com/pagead/managed/js/activeview/current/reach_worklet.html:0
[   12371ms] [ERROR] Attestation check for Shared Storage on https://www.googleadservices.com failed. @ https://www.googleadservices.com/pagead/managed/js/activeview/current/reach_worklet.html:0
[   12372ms] [ERROR] Attestation check for Shared Storage on https://www.googleadservices.com failed. @ https://www.googleadservices.com/pagead/managed/js/activeview/current/reach_worklet.html:0
[   12490ms] [ERROR] Attestation check for Shared Storage on https://www.googleadservices.com failed. @ https://www.googleadservices.com/pagead/managed/js/activeview/current/reach_worklet.html:0
[   12494ms] [ERROR] Attestation check for Shared Storage on https://www.googleadservices.com failed. @ https://www.googleadservices.com/pagead/managed/js/activeview/current/reach_worklet.html:0
[   12497ms] [ERROR] Attestation check for Shared Storage on https://www.googleadservices.com failed. @ https://www.googleadservices.com/pagead/managed/js/activeview/current/reach_worklet.html:0
[   12516ms] [ERROR] Attestation check for Shared Storage on https://www.googleadservices.com failed. @ https://www.googleadservices.com/pagead/managed/js/activeview/current/reach_worklet.html:0
[   12665ms] [ERROR] Attestation check for Shared Storage on https://www.googleadservices.com failed. @ https://www.googleadservices.com/pagead/managed/js/activeview/current/reach_worklet.html:0
[   12669ms] [ERROR] Attestation check for Shared Storage on https://www.googleadservices.com failed. @ https://www.googleadservices.com/pagead/managed/js/activeview/current/reach_worklet.html:0
[   12671ms] [ERROR] Attestation check for Shared Storage on https://www.googleadservices.com failed. @ https://www.googleadservices.com/pagead/managed/js/activeview/current/reach_worklet.html:0
[   14012ms] [ERROR] Attestation check for Shared Storage on https://www.googleadservices.com failed. @ https://www.googleadservices.com/pagead/managed/js/activeview/current/reach_worklet.html:0
[   14139ms] [ERROR] Attestation check for Shared Storage on https://www.googleadservices.com failed. @ https://www.googleadservices.com/pagead/managed/js/activeview/current/reach_worklet.html:0
[   37881ms] [ERROR] Attestation check for Shared Storage on https://www.googleadservices.com failed. @ https://www.googleadservices.com/pagead/managed/js/activeview/current/reach_worklet.html:0
[   38164ms] [ERROR] Attestation check for Shared Storage on https://www.googleadservices.com failed. @ https://www.googleadservices.com/pagead/managed/js/activeview/current/reach_worklet.html:0
[   38748ms] [ERROR] Attestation check for Shared Storage on https://www.googleadservices.com failed. @ https://www.googleadservices.com/pagead/managed/js/activeview/current/reach_worklet.html:0
[   39055ms] [ERROR] Attestation check for Shared Storage on https://www.googleadservices.com failed. @ https://www.googleadservices.com/pagead/managed/js/activeview/current/reach_worklet.html:0
[   39615ms] [ERROR] Attestation check for Shared Storage on https://www.googleadservices.com failed. @ https://www.googleadservices.com/pagead/managed/js/activeview/current/reach_worklet.html:0
[   40381ms] [ERROR] Attestation check for Shared Storage on https://www.googleadservices.com failed. @ https://www.googleadservices.com/pagead/managed/js/activeview/current/reach_worklet.html:0
[   67611ms] [ERROR] Attestation check for Shared Storage on https://www.googleadservices.com failed. @ https://www.googleadservices.com/pagead/managed/js/activeview/current/reach_worklet.html:0
[   13628ms] [ERROR] Failed to load resource: net::ERR_NAME_NOT_RESOLVED @ https://sync.search.spotxchange.com/partner?adv_id=7025&redir=https%3A%2F%2Fcm.g.doubleclick.net%2Fpixel%3Fgoogle_nid%3Dspotxchange_dbm%26google_hm%3D%24SPOTX_BASE64_USER_ID:0
[   13628ms] [ERROR] Failed to load resource: net::ERR_NAME_NOT_RESOLVED @ https://sync.search.spotxchange.com/partner?adv_id=7025&uid=CAESELhNE3v4rdJvA-6e5V7E6Zo&google_cver=1:0
[   66532ms] [ERROR] Failed to load resource: the server responded with a status of 410 (Gone) @ https://ads.stickyadstv.com/user-matching?id=11:0
[   66543ms] [ERROR] Failed to load resource: the server responded with a status of 410 (Gone) @ https://ads.stickyadstv.com/user-registering?dataProviderId=141&userId=CAESED7CBMsuw-mLqwnRgbw6wqc&google_cver=1&gdpr=0:0
[   66597ms] [ERROR] Failed to load resource: net::ERR_NAME_NOT_RESOLVED @ https://tags.bluekai.com/site/2981?redir=https%3A%2F%2Fcm.g.doubleclick.net%2Fpixel%3Fgoogle_nid%3Dbluekai%26google_hm%3D%24_BK_UUID_B64&gdpr=0:0
[   66597ms] [ERROR] Failed to load resource: net::ERR_NAME_NOT_RESOLVED @ https://tags.bluekai.com/site/2981?id=&gdpr=0&google_gid=CAESEApDBglyoUn03S0p57PTJts&google_cver=1:0
[   67712ms] [ERROR] Failed to load resource: the server responded with a status of 410 (Gone) @ https://ads.stickyadstv.com/user-matching?id=11:0
[   67753ms] [ERROR] Failed to load resource: the server responded with a status of 410 (Gone) @ https://ads.stickyadstv.com/user-registering?dataProviderId=141&userId=CAESED7CBMsuw-mLqwnRgbw6wqc&google_cver=1:0
[   12309ms] [ERROR] Attestation check for Shared Storage on https://www.googleadservices.com failed. @ https://www.googleadservices.com/pagead/managed/js/activeview/current/reach_worklet.html:0
[   12371ms] [ERROR] Attestation check for Shared Storage on https://www.googleadservices.com failed. @ https://www.googleadservices.com/pagead/managed/js/activeview/current/reach_worklet.html:0
[   12372ms] [ERROR] Attestation check for Shared Storage on https://www.googleadservices.com failed. @ https://www.googleadservices.com/pagead/managed/js/activeview/current/reach_worklet.html:0
[   12490ms] [ERROR] Attestation check for Shared Storage on https://www.googleadservices.com failed. @ https://www.googleadservices.com/pagead/managed/js/activeview/current/reach_worklet.html:0
[   12494ms] [ERROR] Attestation check for Shared Storage on https://www.googleadservices.com failed. @ https://www.googleadservices.com/pagead/managed/js/activeview/current/reach_worklet.html:0
[   12497ms] [ERROR] Attestation check for Shared Storage on https://www.googleadservices.com failed. @ https://www.googleadservices.com/pagead/managed/js/activeview/current/reach_worklet.html:0
[   12516ms] [ERROR] Attestation check for Shared Storage on https://www.googleadservices.com failed. @ https://www.googleadservices.com/pagead/managed/js/activeview/current/reach_worklet.html:0
[   12665ms] [ERROR] Attestation check for Shared Storage on https://www.googleadservices.com failed. @ https://www.googleadservices.com/pagead/managed/js/activeview/current/reach_worklet.html:0
[   12669ms] [ERROR] Attestation check for Shared Storage on https://www.googleadservices.com failed. @ https://www.googleadservices.com/pagead/managed/js/activeview/current/reach_worklet.html:0
[   12671ms] [ERROR] Attestation check for Shared Storage on https://www.googleadservices.com failed. @ https://www.googleadservices.com/pagead/managed/js/activeview/current/reach_worklet.html:0
[   14012ms] [ERROR] Attestation check for Shared Storage on https://www.googleadservices.com failed. @ https://www.googleadservices.com/pagead/managed/js/activeview/current/reach_worklet.html:0
[   14139ms] [ERROR] Attestation check for Shared Storage on https://www.googleadservices.com failed. @ https://www.googleadservices.com/pagead/managed/js/activeview/current/reach_worklet.html:0
[   37881ms] [ERROR] Attestation check for Shared Storage on https://www.googleadservices.com failed. @ https://www.googleadservices.com/pagead/managed/js/activeview/current/reach_worklet.html:0
[   38164ms] [ERROR] Attestation check for Shared Storage on https://www.googleadservices.com failed. @ https://www.googleadservices.com/pagead/managed/js/activeview/current/reach_worklet.html:0
[   38748ms] [ERROR] Attestation check for Shared Storage on https://www.googleadservices.com failed. @ https://www.googleadservices.com/pagead/managed/js/activeview/current/reach_worklet.html:0
[   39055ms] [ERROR] Attestation check for Shared Storage on https://www.googleadservices.com failed. @ https://www.googleadservices.com/pagead/managed/js/activeview/current/reach_worklet.html:0
[   39615ms] [ERROR] Attestation check for Shared Storage on https://www.googleadservices.com failed. @ https://www.googleadservices.com/pagead/managed/js/activeview/current/reach_worklet.html:0
[   40381ms] [ERROR] Attestation check for Shared Storage on https://www.googleadservices.com failed. @ https://www.googleadservices.com/pagead/managed/js/activeview/current/reach_worklet.html:0
[   67611ms] [ERROR] Attestation check for Shared Storage on https://www.googleadservices.com failed. @ https://www.googleadservices.com/pagead/managed/js/activeview/current/reach_worklet.html:0
[   67842ms] [ERROR] Failed to load resource: net::ERR_NAME_NOT_RESOLVED @ https://tags.bluekai.com/site/2981?redir=https%3A%2F%2Fcm.g.doubleclick.net%2Fpixel%3Fgoogle_nid%3Dbluekai%26google_hm%3D%24_BK_UUID_B64:0
[   67842ms] [ERROR] Failed to load resource: net::ERR_NAME_NOT_RESOLVED @ https://tags.bluekai.com/site/2981?id=&google_gid=CAESEApDBglyoUn03S0p57PTJts&google_cver=1:0
[   67885ms] [ERROR] Attestation check for Shared Storage on https://www.googleadservices.com failed. @ https://www.googleadservices.com/pagead/managed/js/activeview/current/reach_worklet.html:0
[   13628ms] [ERROR] Failed to load resource: net::ERR_NAME_NOT_RESOLVED @ https://sync.search.spotxchange.com/partner?adv_id=7025&redir=https%3A%2F%2Fcm.g.doubleclick.net%2Fpixel%3Fgoogle_nid%3Dspotxchange_dbm%26google_hm%3D%24SPOTX_BASE64_USER_ID:0
[   13628ms] [ERROR] Failed to load resource: net::ERR_NAME_NOT_RESOLVED @ https://sync.search.spotxchange.com/partner?adv_id=7025&uid=CAESELhNE3v4rdJvA-6e5V7E6Zo&google_cver=1:0
[   66532ms] [ERROR] Failed to load resource: the server responded with a status of 410 (Gone) @ https://ads.stickyadstv.com/user-matching?id=11:0
[   66543ms] [ERROR] Failed to load resource: the server responded with a status of 410 (Gone) @ https://ads.stickyadstv.com/user-registering?dataProviderId=141&userId=CAESED7CBMsuw-mLqwnRgbw6wqc&google_cver=1&gdpr=0:0
[   66597ms] [ERROR] Failed to load resource: net::ERR_NAME_NOT_RESOLVED @ https://tags.bluekai.com/site/2981?redir=https%3A%2F%2Fcm.g.doubleclick.net%2Fpixel%3Fgoogle_nid%3Dbluekai%26google_hm%3D%24_BK_UUID_B64&gdpr=0:0
[   66597ms] [ERROR] Failed to load resource: net::ERR_NAME_NOT_RESOLVED @ https://tags.bluekai.com/site/2981?id=&gdpr=0&google_gid=CAESEApDBglyoUn03S0p57PTJts&google_cver=1:0
[   67712ms] [ERROR] Failed to load resource: the server responded with a status of 410 (Gone) @ https://ads.stickyadstv.com/user-matching?id=11:0
[   67753ms] [ERROR] Failed to load resource: the server responded with a status of 410 (Gone) @ https://ads.stickyadstv.com/user-registering?dataProviderId=141&userId=CAESED7CBMsuw-mLqwnRgbw6wqc&google_cver=1:0
[   67842ms] [ERROR] Failed to load resource: net::ERR_NAME_NOT_RESOLVED @ https://tags.bluekai.com/site/2981?redir=https%3A%2F%2Fcm.g.doubleclick.net%2Fpixel%3Fgoogle_nid%3Dbluekai%26google_hm%3D%24_BK_UUID_B64:0
[   67842ms] [ERROR] Failed to load resource: net::ERR_NAME_NOT_RESOLVED @ https://tags.bluekai.com/site/2981?id=&google_gid=CAESEApDBglyoUn03S0p57PTJts&google_cver=1:0
[   68037ms] [ERROR] Failed to load resource: the server responded with a status of 410 (Gone) @ https://ads.stickyadstv.com/user-matching?id=11:0
[   68063ms] [ERROR] Failed to load resource: the server responded with a status of 410 (Gone) @ https://ads.stickyadstv.com/user-registering?dataProviderId=141&userId=CAESED7CBMsuw-mLqwnRgbw6wqc&google_cver=1&gdpr=0:0
[   68155ms] [ERROR] Failed to load resource: net::ERR_NAME_NOT_RESOLVED @ https://tags.bluekai.com/site/2981?id=&gdpr=0&google_gid=CAESEApDBglyoUn03S0p57PTJts&google_cver=1:0
[   68155ms] [ERROR] Failed to load resource: net::ERR_NAME_NOT_RESOLVED @ https://tags.bluekai.com/site/2981?redir=https%3A%2F%2Fcm.g.doubleclick.net%2Fpixel%3Fgoogle_nid%3Dbluekai%26google_hm%3D%24_BK_UUID_B64&gdpr=0:0
[   38057ms] [ERROR] Failed to load resource: net::ERR_NAME_NOT_RESOLVED @ https://cs.lkqd.net/cs?partnerId=109&partnerUserId=be66582b4a&gdpr=0&gdpr_consent=:0
[   38378ms] [ERROR] Failed to load resource: net::ERR_TOO_MANY_REDIRECTS @ https://pxl.iqm.com/i/ck/pubmatic?puid=595AAA24-699C-478D-A656-75A2F548DF90:0
[   38378ms] [ERROR] Failed to load resource: net::ERR_TOO_MANY_REDIRECTS @ https://partners.tremorhub.com/sync?UIIQ=5a2319ad-66fa-4e3d-a813-da5de62fe8db:0
[   12309ms] [ERROR] Attestation check for Shared Storage on https://www.googleadservices.com failed. @ https://www.googleadservices.com/pagead/managed/js/activeview/current/reach_worklet.html:0
[   12371ms] [ERROR] Attestation check for Shared Storage on https://www.googleadservices.com failed. @ https://www.googleadservices.com/pagead/managed/js/activeview/current/reach_worklet.html:0
[   12372ms] [ERROR] Attestation check for Shared Storage on https://www.googleadservices.com failed. @ https://www.googleadservices.com/pagead/managed/js/activeview/current/reach_worklet.html:0
[   12490ms] [ERROR] Attestation check for Shared Storage on https://www.googleadservices.com failed. @ https://www.googleadservices.com/pagead/managed/js/activeview/current/reach_worklet.html:0
[   12494ms] [ERROR] Attestation check for Shared Storage on https://www.googleadservices.com failed. @ https://www.googleadservices.com/pagead/managed/js/activeview/current/reach_worklet.html:0
[   12497ms] [ERROR] Attestation check for Shared Storage on https://www.googleadservices.com failed. @ https://www.googleadservices.com/pagead/managed/js/activeview/current/reach_worklet.html:0
[   12516ms] [ERROR] Attestation check for Shared Storage on https://www.googleadservices.com failed. @ https://www.googleadservices.com/pagead/managed/js/activeview/current/reach_worklet.html:0
[   12665ms] [ERROR] Attestation check for Shared Storage on https://www.googleadservices.com failed. @ https://www.googleadservices.com/pagead/managed/js/activeview/current/reach_worklet.html:0
[   12669ms] [ERROR] Attestation check for Shared Storage on https://www.googleadservices.com failed. @ https://www.googleadservices.com/pagead/managed/js/activeview/current/reach_worklet.html:0
[   12671ms] [ERROR] Attestation check for Shared Storage on https://www.googleadservices.com failed. @ https://www.googleadservices.com/pagead/managed/js/activeview/current/reach_worklet.html:0
[   14012ms] [ERROR] Attestation check for Shared Storage on https://www.googleadservices.com failed. @ https://www.googleadservices.com/pagead/managed/js/activeview/current/reach_worklet.html:0
[   14139ms] [ERROR] Attestation check for Shared Storage on https://www.googleadservices.com failed. @ https://www.googleadservices.com/pagead/managed/js/activeview/current/reach_worklet.html:0
[   37881ms] [ERROR] Attestation check for Shared Storage on https://www.googleadservices.com failed. @ https://www.googleadservices.com/pagead/managed/js/activeview/current/reach_worklet.html:0
[   38164ms] [ERROR] Attestation check for Shared Storage on https://www.googleadservices.com failed. @ https://www.googleadservices.com/pagead/managed/js/activeview/current/reach_worklet.html:0
[   38748ms] [ERROR] Attestation check for Shared Storage on https://www.googleadservices.com failed. @ https://www.googleadservices.com/pagead/managed/js/activeview/current/reach_worklet.html:0
[   39055ms] [ERROR] Attestation check for Shared Storage on https://www.googleadservices.com failed. @ https://www.googleadservices.com/pagead/managed/js/activeview/current/reach_worklet.html:0
[   39615ms] [ERROR] Attestation check for Shared Storage on https://www.googleadservices.com failed. @ https://www.googleadservices.com/pagead/managed/js/activeview/current/reach_worklet.html:0
[   40381ms] [ERROR] Attestation check for Shared Storage on https://www.googleadservices.com failed. @ https://www.googleadservices.com/pagead/managed/js/activeview/current/reach_worklet.html:0
[   67611ms] [ERROR] Attestation check for Shared Storage on https://www.googleadservices.com failed. @ https://www.googleadservices.com/pagead/managed/js/activeview/current/reach_worklet.html:0
[   67885ms] [ERROR] Attestation check for Shared Storage on https://www.googleadservices.com failed. @ https://www.googleadservices.com/pagead/managed/js/activeview/current/reach_worklet.html:0
[   68828ms] [ERROR] Attestation check for Shared Storage on https://www.googleadservices.com failed. @ https://www.googleadservices.com/pagead/managed/js/activeview/current/reach_worklet.html:0
[   13628ms] [ERROR] Failed to load resource: net::ERR_NAME_NOT_RESOLVED @ https://sync.search.spotxchange.com/partner?adv_id=7025&redir=https%3A%2F%2Fcm.g.doubleclick.net%2Fpixel%3Fgoogle_nid%3Dspotxchange_dbm%26google_hm%3D%24SPOTX_BASE64_USER_ID:0
[   13628ms] [ERROR] Failed to load resource: net::ERR_NAME_NOT_RESOLVED @ https://sync.search.spotxchange.com/partner?adv_id=7025&uid=CAESELhNE3v4rdJvA-6e5V7E6Zo&google_cver=1:0
[   66532ms] [ERROR] Failed to load resource: the server responded with a status of 410 (Gone) @ https://ads.stickyadstv.com/user-matching?id=11:0
[   66543ms] [ERROR] Failed to load resource: the server responded with a status of 410 (Gone) @ https://ads.stickyadstv.com/user-registering?dataProviderId=141&userId=CAESED7CBMsuw-mLqwnRgbw6wqc&google_cver=1&gdpr=0:0
[   66597ms] [ERROR] Failed to load resource: net::ERR_NAME_NOT_RESOLVED @ https://tags.bluekai.com/site/2981?redir=https%3A%2F%2Fcm.g.doubleclick.net%2Fpixel%3Fgoogle_nid%3Dbluekai%26google_hm%3D%24_BK_UUID_B64&gdpr=0:0
[   66597ms] [ERROR] Failed to load resource: net::ERR_NAME_NOT_RESOLVED @ https://tags.bluekai.com/site/2981?id=&gdpr=0&google_gid=CAESEApDBglyoUn03S0p57PTJts&google_cver=1:0
[   67712ms] [ERROR] Failed to load resource: the server responded with a status of 410 (Gone) @ https://ads.stickyadstv.com/user-matching?id=11:0
[   67753ms] [ERROR] Failed to load resource: the server responded with a status of 410 (Gone) @ https://ads.stickyadstv.com/user-registering?dataProviderId=141&userId=CAESED7CBMsuw-mLqwnRgbw6wqc&google_cver=1:0
[   67842ms] [ERROR] Failed to load resource: net::ERR_NAME_NOT_RESOLVED @ https://tags.bluekai.com/site/2981?redir=https%3A%2F%2Fcm.g.doubleclick.net%2Fpixel%3Fgoogle_nid%3Dbluekai%26google_hm%3D%24_BK_UUID_B64:0
[   67842ms] [ERROR] Failed to load resource: net::ERR_NAME_NOT_RESOLVED @ https://tags.bluekai.com/site/2981?id=&google_gid=CAESEApDBglyoUn03S0p57PTJts&google_cver=1:0
[   68037ms] [ERROR] Failed to load resource: the server responded with a status of 410 (Gone) @ https://ads.stickyadstv.com/user-matching?id=11:0
[   68063ms] [ERROR] Failed to load resource: the server responded with a status of 410 (Gone) @ https://ads.stickyadstv.com/user-registering?dataProviderId=141&userId=CAESED7CBMsuw-mLqwnRgbw6wqc&google_cver=1&gdpr=0:0
[   68155ms] [ERROR] Failed to load resource: net::ERR_NAME_NOT_RESOLVED @ https://tags.bluekai.com/site/2981?id=&gdpr=0&google_gid=CAESEApDBglyoUn03S0p57PTJts&google_cver=1:0
[   68155ms] [ERROR] Failed to load resource: net::ERR_NAME_NOT_RESOLVED @ https://tags.bluekai.com/site/2981?redir=https%3A%2F%2Fcm.g.doubleclick.net%2Fpixel%3Fgoogle_nid%3Dbluekai%26google_hm%3D%24_BK_UUID_B64&gdpr=0:0
[   68977ms] [WARNING] This richload has both an name and id attribute. Only the name will be used to set the richload name in this context. @ https://cdn.flashtalking.com/frameworks/js/api/2/10/html5API.js:0
[   69093ms] [ERROR] Failed to load resource: net::ERR_NAME_NOT_RESOLVED @ https://x.dlx.addthis.com/e/googlegdn_sync?na_exid=CAESEOcrOXhVZHHOtBREeNMAnXc&gdpr=0&google_cver=1:0
[   38057ms] [ERROR] Failed to load resource: net::ERR_NAME_NOT_RESOLVED @ https://cs.lkqd.net/cs?partnerId=109&partnerUserId=be66582b4a&gdpr=0&gdpr_consent=:0
[   38378ms] [ERROR] Failed to load resource: net::ERR_TOO_MANY_REDIRECTS @ https://pxl.iqm.com/i/ck/pubmatic?puid=595AAA24-699C-478D-A656-75A2F548DF90:0
[   38378ms] [ERROR] Failed to load resource: net::ERR_TOO_MANY_REDIRECTS @ https://partners.tremorhub.com/sync?UIIQ=5a2319ad-66fa-4e3d-a813-da5de62fe8db:0
[   12309ms] [ERROR] Attestation check for Shared Storage on https://www.googleadservices.com failed. @ https://www.googleadservices.com/pagead/managed/js/activeview/current/reach_worklet.html:0
[   12371ms] [ERROR] Attestation check for Shared Storage on https://www.googleadservices.com failed. @ https://www.googleadservices.com/pagead/managed/js/activeview/current/reach_worklet.html:0
[   12372ms] [ERROR] Attestation check for Shared Storage on https://www.googleadservices.com failed. @ https://www.googleadservices.com/pagead/managed/js/activeview/current/reach_worklet.html:0
[   12490ms] [ERROR] Attestation check for Shared Storage on https://www.googleadservices.com failed. @ https://www.googleadservices.com/pagead/managed/js/activeview/current/reach_worklet.html:0
[   12494ms] [ERROR] Attestation check for Shared Storage on https://www.googleadservices.com failed. @ https://www.googleadservices.com/pagead/managed/js/activeview/current/reach_worklet.html:0
[   12497ms] [ERROR] Attestation check for Shared Storage on https://www.googleadservices.com failed. @ https://www.googleadservices.com/pagead/managed/js/activeview/current/reach_worklet.html:0
[   12516ms] [ERROR] Attestation check for Shared Storage on https://www.googleadservices.com failed. @ https://www.googleadservices.com/pagead/managed/js/activeview/current/reach_worklet.html:0
[   12665ms] [ERROR] Attestation check for Shared Storage on https://www.googleadservices.com failed. @ https://www.googleadservices.com/pagead/managed/js/activeview/current/reach_worklet.html:0
[   12669ms] [ERROR] Attestation check for Shared Storage on https://www.googleadservices.com failed. @ https://www.googleadservices.com/pagead/managed/js/activeview/current/reach_worklet.html:0
[   12671ms] [ERROR] Attestation check for Shared Storage on https://www.googleadservices.com failed. @ https://www.googleadservices.com/pagead/managed/js/activeview/current/reach_worklet.html:0
[   14012ms] [ERROR] Attestation check for Shared Storage on https://www.googleadservices.com failed. @ https://www.googleadservices.com/pagead/managed/js/activeview/current/reach_worklet.html:0
[   14139ms] [ERROR] Attestation check for Shared Storage on https://www.googleadservices.com failed. @ https://www.googleadservices.com/pagead/managed/js/activeview/current/reach_worklet.html:0
[   37881ms] [ERROR] Attestation check for Shared Storage on https://www.googleadservices.com failed. @ https://www.googleadservices.com/pagead/managed/js/activeview/current/reach_worklet.html:0
[   38164ms] [ERROR] Attestation check for Shared Storage on https://www.googleadservices.com failed. @ https://www.googleadservices.com/pagead/managed/js/activeview/current/reach_worklet.html:0
[   38748ms] [ERROR] Attestation check for Shared Storage on https://www.googleadservices.com failed. @ https://www.googleadservices.com/pagead/managed/js/activeview/current/reach_worklet.html:0
[   39055ms] [ERROR] Attestation check for Shared Storage on https://www.googleadservices.com failed. @ https://www.googleadservices.com/pagead/managed/js/activeview/current/reach_worklet.html:0
[   39615ms] [ERROR] Attestation check for Shared Storage on https://www.googleadservices.com failed. @ https://www.googleadservices.com/pagead/managed/js/activeview/current/reach_worklet.html:0
[   40381ms] [ERROR] Attestation check for Shared Storage on https://www.googleadservices.com failed. @ https://www.googleadservices.com/pagead/managed/js/activeview/current/reach_worklet.html:0
[   67611ms] [ERROR] Attestation check for Shared Storage on https://www.googleadservices.com failed. @ https://www.googleadservices.com/pagead/managed/js/activeview/current/reach_worklet.html:0
[   67885ms] [ERROR] Attestation check for Shared Storage on https://www.googleadservices.com failed. @ https://www.googleadservices.com/pagead/managed/js/activeview/current/reach_worklet.html:0
[   68828ms] [ERROR] Attestation check for Shared Storage on https://www.googleadservices.com failed. @ https://www.googleadservices.com/pagead/managed/js/activeview/current/reach_worklet.html:0
[   69231ms] [ERROR] Attestation check for Shared Storage on https://www.googleadservices.com failed. @ https://www.googleadservices.com/pagead/managed/js/activeview/current/reach_worklet.html:0
[   13628ms] [ERROR] Failed to load resource: net::ERR_NAME_NOT_RESOLVED @ https://sync.search.spotxchange.com/partner?adv_id=7025&redir=https%3A%2F%2Fcm.g.doubleclick.net%2Fpixel%3Fgoogle_nid%3Dspotxchange_dbm%26google_hm%3D%24SPOTX_BASE64_USER_ID:0
[   13628ms] [ERROR] Failed to load resource: net::ERR_NAME_NOT_RESOLVED @ https://sync.search.spotxchange.com/partner?adv_id=7025&uid=CAESELhNE3v4rdJvA-6e5V7E6Zo&google_cver=1:0
[   66532ms] [ERROR] Failed to load resource: the server responded with a status of 410 (Gone) @ https://ads.stickyadstv.com/user-matching?id=11:0
[   66543ms] [ERROR] Failed to load resource: the server responded with a status of 410 (Gone) @ https://ads.stickyadstv.com/user-registering?dataProviderId=141&userId=CAESED7CBMsuw-mLqwnRgbw6wqc&google_cver=1&gdpr=0:0
[   66597ms] [ERROR] Failed to load resource: net::ERR_NAME_NOT_RESOLVED @ https://tags.bluekai.com/site/2981?redir=https%3A%2F%2Fcm.g.doubleclick.net%2Fpixel%3Fgoogle_nid%3Dbluekai%26google_hm%3D%24_BK_UUID_B64&gdpr=0:0
[   66597ms] [ERROR] Failed to load resource: net::ERR_NAME_NOT_RESOLVED @ https://tags.bluekai.com/site/2981?id=&gdpr=0&google_gid=CAESEApDBglyoUn03S0p57PTJts&google_cver=1:0
[   67712ms] [ERROR] Failed to load resource: the server responded with a status of 410 (Gone) @ https://ads.stickyadstv.com/user-matching?id=11:0
[   67753ms] [ERROR] Failed to load resource: the server responded with a status of 410 (Gone) @ https://ads.stickyadstv.com/user-registering?dataProviderId=141&userId=CAESED7CBMsuw-mLqwnRgbw6wqc&google_cver=1:0
[   67842ms] [ERROR] Failed to load resource: net::ERR_NAME_NOT_RESOLVED @ https://tags.bluekai.com/site/2981?redir=https%3A%2F%2Fcm.g.doubleclick.net%2Fpixel%3Fgoogle_nid%3Dbluekai%26google_hm%3D%24_BK_UUID_B64:0
[   67842ms] [ERROR] Failed to load resource: net::ERR_NAME_NOT_RESOLVED @ https://tags.bluekai.com/site/2981?id=&google_gid=CAESEApDBglyoUn03S0p57PTJts&google_cver=1:0
[   68037ms] [ERROR] Failed to load resource: the server responded with a status of 410 (Gone) @ https://ads.stickyadstv.com/user-matching?id=11:0
[   68063ms] [ERROR] Failed to load resource: the server responded with a status of 410 (Gone) @ https://ads.stickyadstv.com/user-registering?dataProviderId=141&userId=CAESED7CBMsuw-mLqwnRgbw6wqc&google_cver=1&gdpr=0:0
[   68155ms] [ERROR] Failed to load resource: net::ERR_NAME_NOT_RESOLVED @ https://tags.bluekai.com/site/2981?id=&gdpr=0&google_gid=CAESEApDBglyoUn03S0p57PTJts&google_cver=1:0
[   68155ms] [ERROR] Failed to load resource: net::ERR_NAME_NOT_RESOLVED @ https://tags.bluekai.com/site/2981?redir=https%3A%2F%2Fcm.g.doubleclick.net%2Fpixel%3Fgoogle_nid%3Dbluekai%26google_hm%3D%24_BK_UUID_B64&gdpr=0:0
[   69093ms] [ERROR] Failed to load resource: net::ERR_NAME_NOT_RESOLVED @ https://x.dlx.addthis.com/e/googlegdn_sync?na_exid=CAESEOcrOXhVZHHOtBREeNMAnXc&gdpr=0&google_cver=1:0
[   38057ms] [ERROR] Failed to load resource: net::ERR_NAME_NOT_RESOLVED @ https://cs.lkqd.net/cs?partnerId=109&partnerUserId=be66582b4a&gdpr=0&gdpr_consent=:0
[   38378ms] [ERROR] Failed to load resource: net::ERR_TOO_MANY_REDIRECTS @ https://pxl.iqm.com/i/ck/pubmatic?puid=595AAA24-699C-478D-A656-75A2F548DF90:0
[   38378ms] [ERROR] Failed to load resource: net::ERR_TOO_MANY_REDIRECTS @ https://partners.tremorhub.com/sync?UIIQ=5a2319ad-66fa-4e3d-a813-da5de62fe8db:0
[   12309ms] [ERROR] Attestation check for Shared Storage on https://www.googleadservices.com failed. @ https://www.googleadservices.com/pagead/managed/js/activeview/current/reach_worklet.html:0
[   12371ms] [ERROR] Attestation check for Shared Storage on https://www.googleadservices.com failed. @ https://www.googleadservices.com/pagead/managed/js/activeview/current/reach_worklet.html:0
[   12372ms] [ERROR] Attestation check for Shared Storage on https://www.googleadservices.com failed. @ https://www.googleadservices.com/pagead/managed/js/activeview/current/reach_worklet.html:0
[   12490ms] [ERROR] Attestation check for Shared Storage on https://www.googleadservices.com failed. @ https://www.googleadservices.com/pagead/managed/js/activeview/current/reach_worklet.html:0
[   12494ms] [ERROR] Attestation check for Shared Storage on https://www.googleadservices.com failed. @ https://www.googleadservices.com/pagead/managed/js/activeview/current/reach_worklet.html:0
[   12497ms] [ERROR] Attestation check for Shared Storage on https://www.googleadservices.com failed. @ https://www.googleadservices.com/pagead/managed/js/activeview/current/reach_worklet.html:0
[   12516ms] [ERROR] Attestation check for Shared Storage on https://www.googleadservices.com failed. @ https://www.googleadservices.com/pagead/managed/js/activeview/current/reach_worklet.html:0
[   12665ms] [ERROR] Attestation check for Shared Storage on https://www.googleadservices.com failed. @ https://www.googleadservices.com/pagead/managed/js/activeview/current/reach_worklet.html:0
[   12669ms] [ERROR] Attestation check for Shared Storage on https://www.googleadservices.com failed. @ https://www.googleadservices.com/pagead/managed/js/activeview/current/reach_worklet.html:0
[   12671ms] [ERROR] Attestation check for Shared Storage on https://www.googleadservices.com failed. @ https://www.googleadservices.com/pagead/managed/js/activeview/current/reach_worklet.html:0
[   14012ms] [ERROR] Attestation check for Shared Storage on https://www.googleadservices.com failed. @ https://www.googleadservices.com/pagead/managed/js/activeview/current/reach_worklet.html:0
[   14139ms] [ERROR] Attestation check for Shared Storage on https://www.googleadservices.com failed. @ https://www.googleadservices.com/pagead/managed/js/activeview/current/reach_worklet.html:0
[   37881ms] [ERROR] Attestation check for Shared Storage on https://www.googleadservices.com failed. @ https://www.googleadservices.com/pagead/managed/js/activeview/current/reach_worklet.html:0
[   38164ms] [ERROR] Attestation check for Shared Storage on https://www.googleadservices.com failed. @ https://www.googleadservices.com/pagead/managed/js/activeview/current/reach_worklet.html:0
[   38748ms] [ERROR] Attestation check for Shared Storage on https://www.googleadservices.com failed. @ https://www.googleadservices.com/pagead/managed/js/activeview/current/reach_worklet.html:0
[   39055ms] [ERROR] Attestation check for Shared Storage on https://www.googleadservices.com failed. @ https://www.googleadservices.com/pagead/managed/js/activeview/current/reach_worklet.html:0
[   39615ms] [ERROR] Attestation check for Shared Storage on https://www.googleadservices.com failed. @ https://www.googleadservices.com/pagead/managed/js/activeview/current/reach_worklet.html:0
[   40381ms] [ERROR] Attestation check for Shared Storage on https://www.googleadservices.com failed. @ https://www.googleadservices.com/pagead/managed/js/activeview/current/reach_worklet.html:0
[   67611ms] [ERROR] Attestation check for Shared Storage on https://www.googleadservices.com failed. @ https://www.googleadservices.com/pagead/managed/js/activeview/current/reach_worklet.html:0
[   67885ms] [ERROR] Attestation check for Shared Storage on https://www.googleadservices.com failed. @ https://www.googleadservices.com/pagead/managed/js/activeview/current/reach_worklet.html:0
[   68828ms] [ERROR] Attestation check for Shared Storage on https://www.googleadservices.com failed. @ https://www.googleadservices.com/pagead/managed/js/activeview/current/reach_worklet.html:0
[   69231ms] [ERROR] Attestation check for Shared Storage on https://www.googleadservices.com failed. @ https://www.googleadservices.com/pagead/managed/js/activeview/current/reach_worklet.html:0
[   69758ms] [ERROR] Failed to load resource: net::ERR_NAME_NOT_RESOLVED @ https://x.dlx.addthis.com/e/googlegdn_sync?na_exid=CAESEOcrOXhVZHHOtBREeNMAnXc&gdpr=0&google_cver=1:0
[   69878ms] [ERROR] Attestation check for Shared Storage on https://www.googleadservices.com failed. @ https://www.googleadservices.com/pagead/managed/js/activeview/current/reach_worklet.html:0
[   83960ms] [WARNING] The resource https://d.pub.network/v2/sites/looperman-com/configs?env=PROD was preloaded using link preload but not used within a few seconds from the window's load event. Please make sure it has an appropriate `as` value and it is preloaded intentionally. @ https://www.looperman.com/loops?page=1&cid=20&gid=19&ftempo=130&ttempo=130:0
[   83960ms] [WARNING] The resource https://www.looperman.com/assets-v3/icons/fonts/looperman-icon.ttf?v=6.1.19 was preloaded using link preload but not used within a few seconds from the window's load event. Please make sure it has an appropriate `as` value and it is preloaded intentionally. @ https://www.looperman.com/loops?page=1&cid=20&gid=19&ftempo=130&ttempo=130:0
[   94236ms] [WARNING] The resource https://d.pub.network/v2/sites/looperman-com/configs?env=PROD was preloaded using link preload but not used within a few seconds from the window's load event. Please make sure it has an appropriate `as` value and it is preloaded intentionally. @ https://www.looperman.com/loops?page=1&cid=20&gid=19&ftempo=130&ttempo=130:0
[   94236ms] [WARNING] The resource https://www.looperman.com/assets-v3/icons/fonts/looperman-icon.ttf?v=6.1.19 was preloaded using link preload but not used within a few seconds from the window's load event. Please make sure it has an appropriate `as` value and it is preloaded intentionally. @ https://www.looperman.com/loops?page=1&cid=20&gid=19&ftempo=130&ttempo=130:0
[   13628ms] [ERROR] Failed to load resource: net::ERR_NAME_NOT_RESOLVED @ https://sync.search.spotxchange.com/partner?adv_id=7025&redir=https%3A%2F%2Fcm.g.doubleclick.net%2Fpixel%3Fgoogle_nid%3Dspotxchange_dbm%26google_hm%3D%24SPOTX_BASE64_USER_ID:0
[   13628ms] [ERROR] Failed to load resource: net::ERR_NAME_NOT_RESOLVED @ https://sync.search.spotxchange.com/partner?adv_id=7025&uid=CAESELhNE3v4rdJvA-6e5V7E6Zo&google_cver=1:0
[   66532ms] [ERROR] Failed to load resource: the server responded with a status of 410 (Gone) @ https://ads.stickyadstv.com/user-matching?id=11:0
[   66543ms] [ERROR] Failed to load resource: the server responded with a status of 410 (Gone) @ https://ads.stickyadstv.com/user-registering?dataProviderId=141&userId=CAESED7CBMsuw-mLqwnRgbw6wqc&google_cver=1&gdpr=0:0
[   66597ms] [ERROR] Failed to load resource: net::ERR_NAME_NOT_RESOLVED @ https://tags.bluekai.com/site/2981?redir=https%3A%2F%2Fcm.g.doubleclick.net%2Fpixel%3Fgoogle_nid%3Dbluekai%26google_hm%3D%24_BK_UUID_B64&gdpr=0:0
[   66597ms] [ERROR] Failed to load resource: net::ERR_NAME_NOT_RESOLVED @ https://tags.bluekai.com/site/2981?id=&gdpr=0&google_gid=CAESEApDBglyoUn03S0p57PTJts&google_cver=1:0
[   67712ms] [ERROR] Failed to load resource: the server responded with a status of 410 (Gone) @ https://ads.stickyadstv.com/user-matching?id=11:0
[   67753ms] [ERROR] Failed to load resource: the server responded with a status of 410 (Gone) @ https://ads.stickyadstv.com/user-registering?dataProviderId=141&userId=CAESED7CBMsuw-mLqwnRgbw6wqc&google_cver=1:0
[   67842ms] [ERROR] Failed to load resource: net::ERR_NAME_NOT_RESOLVED @ https://tags.bluekai.com/site/2981?redir=https%3A%2F%2Fcm.g.doubleclick.net%2Fpixel%3Fgoogle_nid%3Dbluekai%26google_hm%3D%24_BK_UUID_B64:0
[   67842ms] [ERROR] Failed to load resource: net::ERR_NAME_NOT_RESOLVED @ https://tags.bluekai.com/site/2981?id=&google_gid=CAESEApDBglyoUn03S0p57PTJts&google_cver=1:0
[   68037ms] [ERROR] Failed to load resource: the server responded with a status of 410 (Gone) @ https://ads.stickyadstv.com/user-matching?id=11:0
[   68063ms] [ERROR] Failed to load resource: the server responded with a status of 410 (Gone) @ https://ads.stickyadstv.com/user-registering?dataProviderId=141&userId=CAESED7CBMsuw-mLqwnRgbw6wqc&google_cver=1&gdpr=0:0
[   68155ms] [ERROR] Failed to load resource: net::ERR_NAME_NOT_RESOLVED @ https://tags.bluekai.com/site/2981?id=&gdpr=0&google_gid=CAESEApDBglyoUn03S0p57PTJts&google_cver=1:0
[   68155ms] [ERROR] Failed to load resource: net::ERR_NAME_NOT_RESOLVED @ https://tags.bluekai.com/site/2981?redir=https%3A%2F%2Fcm.g.doubleclick.net%2Fpixel%3Fgoogle_nid%3Dbluekai%26google_hm%3D%24_BK_UUID_B64&gdpr=0:0
[   69093ms] [ERROR] Failed to load resource: net::ERR_NAME_NOT_RESOLVED @ https://x.dlx.addthis.com/e/googlegdn_sync?na_exid=CAESEOcrOXhVZHHOtBREeNMAnXc&gdpr=0&google_cver=1:0
[   69758ms] [ERROR] Failed to load resource: net::ERR_NAME_NOT_RESOLVED @ https://x.dlx.addthis.com/e/googlegdn_sync?na_exid=CAESEOcrOXhVZHHOtBREeNMAnXc&gdpr=0&google_cver=1:0
[   38057ms] [ERROR] Failed to load resource: net::ERR_NAME_NOT_RESOLVED @ https://cs.lkqd.net/cs?partnerId=109&partnerUserId=be66582b4a&gdpr=0&gdpr_consent=:0
[   38378ms] [ERROR] Failed to load resource: net::ERR_TOO_MANY_REDIRECTS @ https://pxl.iqm.com/i/ck/pubmatic?puid=595AAA24-699C-478D-A656-75A2F548DF90:0
[   38378ms] [ERROR] Failed to load resource: net::ERR_TOO_MANY_REDIRECTS @ https://partners.tremorhub.com/sync?UIIQ=5a2319ad-66fa-4e3d-a813-da5de62fe8db:0
[   12309ms] [ERROR] Attestation check for Shared Storage on https://www.googleadservices.com failed. @ https://www.googleadservices.com/pagead/managed/js/activeview/current/reach_worklet.html:0
[   12371ms] [ERROR] Attestation check for Shared Storage on https://www.googleadservices.com failed. @ https://www.googleadservices.com/pagead/managed/js/activeview/current/reach_worklet.html:0
[   12372ms] [ERROR] Attestation check for Shared Storage on https://www.googleadservices.com failed. @ https://www.googleadservices.com/pagead/managed/js/activeview/current/reach_worklet.html:0
[   12490ms] [ERROR] Attestation check for Shared Storage on https://www.googleadservices.com failed. @ https://www.googleadservices.com/pagead/managed/js/activeview/current/reach_worklet.html:0
[   12494ms] [ERROR] Attestation check for Shared Storage on https://www.googleadservices.com failed. @ https://www.googleadservices.com/pagead/managed/js/activeview/current/reach_worklet.html:0
[   12497ms] [ERROR] Attestation check for Shared Storage on https://www.googleadservices.com failed. @ https://www.googleadservices.com/pagead/managed/js/activeview/current/reach_worklet.html:0
[   12516ms] [ERROR] Attestation check for Shared Storage on https://www.googleadservices.com failed. @ https://www.googleadservices.com/pagead/managed/js/activeview/current/reach_worklet.html:0
[   12665ms] [ERROR] Attestation check for Shared Storage on https://www.googleadservices.com failed. @ https://www.googleadservices.com/pagead/managed/js/activeview/current/reach_worklet.html:0
[   12669ms] [ERROR] Attestation check for Shared Storage on https://www.googleadservices.com failed. @ https://www.googleadservices.com/pagead/managed/js/activeview/current/reach_worklet.html:0
[   12671ms] [ERROR] Attestation check for Shared Storage on https://www.googleadservices.com failed. @ https://www.googleadservices.com/pagead/managed/js/activeview/current/reach_worklet.html:0
[   14012ms] [ERROR] Attestation check for Shared Storage on https://www.googleadservices.com failed. @ https://www.googleadservices.com/pagead/managed/js/activeview/current/reach_worklet.html:0
[   14139ms] [ERROR] Attestation check for Shared Storage on https://www.googleadservices.com failed. @ https://www.googleadservices.com/pagead/managed/js/activeview/current/reach_worklet.html:0
[   37881ms] [ERROR] Attestation check for Shared Storage on https://www.googleadservices.com failed. @ https://www.googleadservices.com/pagead/managed/js/activeview/current/reach_worklet.html:0
[   38164ms] [ERROR] Attestation check for Shared Storage on https://www.googleadservices.com failed. @ https://www.googleadservices.com/pagead/managed/js/activeview/current/reach_worklet.html:0
[   38748ms] [ERROR] Attestation check for Shared Storage on https://www.googleadservices.com failed. @ https://www.googleadservices.com/pagead/managed/js/activeview/current/reach_worklet.html:0
[   39055ms] [ERROR] Attestation check for Shared Storage on https://www.googleadservices.com failed. @ https://www.googleadservices.com/pagead/managed/js/activeview/current/reach_worklet.html:0
[   39615ms] [ERROR] Attestation check for Shared Storage on https://www.googleadservices.com failed. @ https://www.googleadservices.com/pagead/managed/js/activeview/current/reach_worklet.html:0
[   40381ms] [ERROR] Attestation check for Shared Storage on https://www.googleadservices.com failed. @ https://www.googleadservices.com/pagead/managed/js/activeview/current/reach_worklet.html:0
[   67611ms] [ERROR] Attestation check for Shared Storage on https://www.googleadservices.com failed. @ https://www.googleadservices.com/pagead/managed/js/activeview/current/reach_worklet.html:0
[   67885ms] [ERROR] Attestation check for Shared Storage on https://www.googleadservices.com failed. @ https://www.googleadservices.com/pagead/managed/js/activeview/current/reach_worklet.html:0
[   68828ms] [ERROR] Attestation check for Shared Storage on https://www.googleadservices.com failed. @ https://www.googleadservices.com/pagead/managed/js/activeview/current/reach_worklet.html:0
[   69231ms] [ERROR] Attestation check for Shared Storage on https://www.googleadservices.com failed. @ https://www.googleadservices.com/pagead/managed/js/activeview/current/reach_worklet.html:0
[   69878ms] [ERROR] Attestation check for Shared Storage on https://www.googleadservices.com failed. @ https://www.googleadservices.com/pagead/managed/js/activeview/current/reach_worklet.html:0
[   95567ms] [ERROR] Attestation check for Shared Storage on https://www.googleadservices.com failed. @ https://www.googleadservices.com/pagead/managed/js/activeview/current/reach_worklet.html:0
[   13628ms] [ERROR] Failed to load resource: net::ERR_NAME_NOT_RESOLVED @ https://sync.search.spotxchange.com/partner?adv_id=7025&redir=https%3A%2F%2Fcm.g.doubleclick.net%2Fpixel%3Fgoogle_nid%3Dspotxchange_dbm%26google_hm%3D%24SPOTX_BASE64_USER_ID:0
[   13628ms] [ERROR] Failed to load resource: net::ERR_NAME_NOT_RESOLVED @ https://sync.search.spotxchange.com/partner?adv_id=7025&uid=CAESELhNE3v4rdJvA-6e5V7E6Zo&google_cver=1:0
[   66532ms] [ERROR] Failed to load resource: the server responded with a status of 410 (Gone) @ https://ads.stickyadstv.com/user-matching?id=11:0
[   66543ms] [ERROR] Failed to load resource: the server responded with a status of 410 (Gone) @ https://ads.stickyadstv.com/user-registering?dataProviderId=141&userId=CAESED7CBMsuw-mLqwnRgbw6wqc&google_cver=1&gdpr=0:0
[   66597ms] [ERROR] Failed to load resource: net::ERR_NAME_NOT_RESOLVED @ https://tags.bluekai.com/site/2981?redir=https%3A%2F%2Fcm.g.doubleclick.net%2Fpixel%3Fgoogle_nid%3Dbluekai%26google_hm%3D%24_BK_UUID_B64&gdpr=0:0
[   66597ms] [ERROR] Failed to load resource: net::ERR_NAME_NOT_RESOLVED @ https://tags.bluekai.com/site/2981?id=&gdpr=0&google_gid=CAESEApDBglyoUn03S0p57PTJts&google_cver=1:0
[   67712ms] [ERROR] Failed to load resource: the server responded with a status of 410 (Gone) @ https://ads.stickyadstv.com/user-matching?id=11:0
[   67753ms] [ERROR] Failed to load resource: the server responded with a status of 410 (Gone) @ https://ads.stickyadstv.com/user-registering?dataProviderId=141&userId=CAESED7CBMsuw-mLqwnRgbw6wqc&google_cver=1:0
[   67842ms] [ERROR] Failed to load resource: net::ERR_NAME_NOT_RESOLVED @ https://tags.bluekai.com/site/2981?redir=https%3A%2F%2Fcm.g.doubleclick.net%2Fpixel%3Fgoogle_nid%3Dbluekai%26google_hm%3D%24_BK_UUID_B64:0
[   67842ms] [ERROR] Failed to load resource: net::ERR_NAME_NOT_RESOLVED @ https://tags.bluekai.com/site/2981?id=&google_gid=CAESEApDBglyoUn03S0p57PTJts&google_cver=1:0
[   68037ms] [ERROR] Failed to load resource: the server responded with a status of 410 (Gone) @ https://ads.stickyadstv.com/user-matching?id=11:0
[   68063ms] [ERROR] Failed to load resource: the server responded with a status of 410 (Gone) @ https://ads.stickyadstv.com/user-registering?dataProviderId=141&userId=CAESED7CBMsuw-mLqwnRgbw6wqc&google_cver=1&gdpr=0:0
[   68155ms] [ERROR] Failed to load resource: net::ERR_NAME_NOT_RESOLVED @ https://tags.bluekai.com/site/2981?id=&gdpr=0&google_gid=CAESEApDBglyoUn03S0p57PTJts&google_cver=1:0
[   68155ms] [ERROR] Failed to load resource: net::ERR_NAME_NOT_RESOLVED @ https://tags.bluekai.com/site/2981?redir=https%3A%2F%2Fcm.g.doubleclick.net%2Fpixel%3Fgoogle_nid%3Dbluekai%26google_hm%3D%24_BK_UUID_B64&gdpr=0:0
[   69093ms] [ERROR] Failed to load resource: net::ERR_NAME_NOT_RESOLVED @ https://x.dlx.addthis.com/e/googlegdn_sync?na_exid=CAESEOcrOXhVZHHOtBREeNMAnXc&gdpr=0&google_cver=1:0
[   69758ms] [ERROR] Failed to load resource: net::ERR_NAME_NOT_RESOLVED @ https://x.dlx.addthis.com/e/googlegdn_sync?na_exid=CAESEOcrOXhVZHHOtBREeNMAnXc&gdpr=0&google_cver=1:0
[   12309ms] [ERROR] Attestation check for Shared Storage on https://www.googleadservices.com failed. @ https://www.googleadservices.com/pagead/managed/js/activeview/current/reach_worklet.html:0
[   12371ms] [ERROR] Attestation check for Shared Storage on https://www.googleadservices.com failed. @ https://www.googleadservices.com/pagead/managed/js/activeview/current/reach_worklet.html:0
[   12372ms] [ERROR] Attestation check for Shared Storage on https://www.googleadservices.com failed. @ https://www.googleadservices.com/pagead/managed/js/activeview/current/reach_worklet.html:0
[   12490ms] [ERROR] Attestation check for Shared Storage on https://www.googleadservices.com failed. @ https://www.googleadservices.com/pagead/managed/js/activeview/current/reach_worklet.html:0
[   12494ms] [ERROR] Attestation check for Shared Storage on https://www.googleadservices.com failed. @ https://www.googleadservices.com/pagead/managed/js/activeview/current/reach_worklet.html:0
[   12497ms] [ERROR] Attestation check for Shared Storage on https://www.googleadservices.com failed. @ https://www.googleadservices.com/pagead/managed/js/activeview/current/reach_worklet.html:0
[   12516ms] [ERROR] Attestation check for Shared Storage on https://www.googleadservices.com failed. @ https://www.googleadservices.com/pagead/managed/js/activeview/current/reach_worklet.html:0
[   12665ms] [ERROR] Attestation check for Shared Storage on https://www.googleadservices.com failed. @ https://www.googleadservices.com/pagead/managed/js/activeview/current/reach_worklet.html:0
[   12669ms] [ERROR] Attestation check for Shared Storage on https://www.googleadservices.com failed. @ https://www.googleadservices.com/pagead/managed/js/activeview/current/reach_worklet.html:0
[   12671ms] [ERROR] Attestation check for Shared Storage on https://www.googleadservices.com failed. @ https://www.googleadservices.com/pagead/managed/js/activeview/current/reach_worklet.html:0
[   14012ms] [ERROR] Attestation check for Shared Storage on https://www.googleadservices.com failed. @ https://www.googleadservices.com/pagead/managed/js/activeview/current/reach_worklet.html:0
[   14139ms] [ERROR] Attestation check for Shared Storage on https://www.googleadservices.com failed. @ https://www.googleadservices.com/pagead/managed/js/activeview/current/reach_worklet.html:0
[   37881ms] [ERROR] Attestation check for Shared Storage on https://www.googleadservices.com failed. @ https://www.googleadservices.com/pagead/managed/js/activeview/current/reach_worklet.html:0
[   38164ms] [ERROR] Attestation check for Shared Storage on https://www.googleadservices.com failed. @ https://www.googleadservices.com/pagead/managed/js/activeview/current/reach_worklet.html:0
[   38748ms] [ERROR] Attestation check for Shared Storage on https://www.googleadservices.com failed. @ https://www.googleadservices.com/pagead/managed/js/activeview/current/reach_worklet.html:0
[   39055ms] [ERROR] Attestation check for Shared Storage on https://www.googleadservices.com failed. @ https://www.googleadservices.com/pagead/managed/js/activeview/current/reach_worklet.html:0
[   39615ms] [ERROR] Attestation check for Shared Storage on https://www.googleadservices.com failed. @ https://www.googleadservices.com/pagead/managed/js/activeview/current/reach_worklet.html:0
[   40381ms] [ERROR] Attestation check for Shared Storage on https://www.googleadservices.com failed. @ https://www.googleadservices.com/pagead/managed/js/activeview/current/reach_worklet.html:0
[   67611ms] [ERROR] Attestation check for Shared Storage on https://www.googleadservices.com failed. @ https://www.googleadservices.com/pagead/managed/js/activeview/current/reach_worklet.html:0
[   67885ms] [ERROR] Attestation check for Shared Storage on https://www.googleadservices.com failed. @ https://www.googleadservices.com/pagead/managed/js/activeview/current/reach_worklet.html:0
[   68828ms] [ERROR] Attestation check for Shared Storage on https://www.googleadservices.com failed. @ https://www.googleadservices.com/pagead/managed/js/activeview/current/reach_worklet.html:0
[   69231ms] [ERROR] Attestation check for Shared Storage on https://www.googleadservices.com failed. @ https://www.googleadservices.com/pagead/managed/js/activeview/current/reach_worklet.html:0
[   69878ms] [ERROR] Attestation check for Shared Storage on https://www.googleadservices.com failed. @ https://www.googleadservices.com/pagead/managed/js/activeview/current/reach_worklet.html:0
[   95567ms] [ERROR] Attestation check for Shared Storage on https://www.googleadservices.com failed. @ https://www.googleadservices.com/pagead/managed/js/activeview/current/reach_worklet.html:0
[   95965ms] [ERROR] Attestation check for Shared Storage on https://www.googleadservices.com failed. @ https://www.googleadservices.com/pagead/managed/js/activeview/current/reach_worklet.html:0
[   13628ms] [ERROR] Failed to load resource: net::ERR_NAME_NOT_RESOLVED @ https://sync.search.spotxchange.com/partner?adv_id=7025&redir=https%3A%2F%2Fcm.g.doubleclick.net%2Fpixel%3Fgoogle_nid%3Dspotxchange_dbm%26google_hm%3D%24SPOTX_BASE64_USER_ID:0
[   13628ms] [ERROR] Failed to load resource: net::ERR_NAME_NOT_RESOLVED @ https://sync.search.spotxchange.com/partner?adv_id=7025&uid=CAESELhNE3v4rdJvA-6e5V7E6Zo&google_cver=1:0
[   66532ms] [ERROR] Failed to load resource: the server responded with a status of 410 (Gone) @ https://ads.stickyadstv.com/user-matching?id=11:0
[   66543ms] [ERROR] Failed to load resource: the server responded with a status of 410 (Gone) @ https://ads.stickyadstv.com/user-registering?dataProviderId=141&userId=CAESED7CBMsuw-mLqwnRgbw6wqc&google_cver=1&gdpr=0:0
[   66597ms] [ERROR] Failed to load resource: net::ERR_NAME_NOT_RESOLVED @ https://tags.bluekai.com/site/2981?redir=https%3A%2F%2Fcm.g.doubleclick.net%2Fpixel%3Fgoogle_nid%3Dbluekai%26google_hm%3D%24_BK_UUID_B64&gdpr=0:0
[   66597ms] [ERROR] Failed to load resource: net::ERR_NAME_NOT_RESOLVED @ https://tags.bluekai.com/site/2981?id=&gdpr=0&google_gid=CAESEApDBglyoUn03S0p57PTJts&google_cver=1:0
[   67712ms] [ERROR] Failed to load resource: the server responded with a status of 410 (Gone) @ https://ads.stickyadstv.com/user-matching?id=11:0
[   67753ms] [ERROR] Failed to load resource: the server responded with a status of 410 (Gone) @ https://ads.stickyadstv.com/user-registering?dataProviderId=141&userId=CAESED7CBMsuw-mLqwnRgbw6wqc&google_cver=1:0
[   67842ms] [ERROR] Failed to load resource: net::ERR_NAME_NOT_RESOLVED @ https://tags.bluekai.com/site/2981?redir=https%3A%2F%2Fcm.g.doubleclick.net%2Fpixel%3Fgoogle_nid%3Dbluekai%26google_hm%3D%24_BK_UUID_B64:0
[   67842ms] [ERROR] Failed to load resource: net::ERR_NAME_NOT_RESOLVED @ https://tags.bluekai.com/site/2981?id=&google_gid=CAESEApDBglyoUn03S0p57PTJts&google_cver=1:0
[   68037ms] [ERROR] Failed to load resource: the server responded with a status of 410 (Gone) @ https://ads.stickyadstv.com/user-matching?id=11:0
[   68063ms] [ERROR] Failed to load resource: the server responded with a status of 410 (Gone) @ https://ads.stickyadstv.com/user-registering?dataProviderId=141&userId=CAESED7CBMsuw-mLqwnRgbw6wqc&google_cver=1&gdpr=0:0
[   68155ms] [ERROR] Failed to load resource: net::ERR_NAME_NOT_RESOLVED @ https://tags.bluekai.com/site/2981?id=&gdpr=0&google_gid=CAESEApDBglyoUn03S0p57PTJts&google_cver=1:0
[   68155ms] [ERROR] Failed to load resource: net::ERR_NAME_NOT_RESOLVED @ https://tags.bluekai.com/site/2981?redir=https%3A%2F%2Fcm.g.doubleclick.net%2Fpixel%3Fgoogle_nid%3Dbluekai%26google_hm%3D%24_BK_UUID_B64&gdpr=0:0
[   69093ms] [ERROR] Failed to load resource: net::ERR_NAME_NOT_RESOLVED @ https://x.dlx.addthis.com/e/googlegdn_sync?na_exid=CAESEOcrOXhVZHHOtBREeNMAnXc&gdpr=0&google_cver=1:0
[   69758ms] [ERROR] Failed to load resource: net::ERR_NAME_NOT_RESOLVED @ https://x.dlx.addthis.com/e/googlegdn_sync?na_exid=CAESEOcrOXhVZHHOtBREeNMAnXc&gdpr=0&google_cver=1:0
[   38057ms] [ERROR] Failed to load resource: net::ERR_NAME_NOT_RESOLVED @ https://cs.lkqd.net/cs?partnerId=109&partnerUserId=be66582b4a&gdpr=0&gdpr_consent=:0
[   38378ms] [ERROR] Failed to load resource: net::ERR_TOO_MANY_REDIRECTS @ https://pxl.iqm.com/i/ck/pubmatic?puid=595AAA24-699C-478D-A656-75A2F548DF90:0
[   38378ms] [ERROR] Failed to load resource: net::ERR_TOO_MANY_REDIRECTS @ https://partners.tremorhub.com/sync?UIIQ=5a2319ad-66fa-4e3d-a813-da5de62fe8db:0
[   12309ms] [ERROR] Attestation check for Shared Storage on https://www.googleadservices.com failed. @ https://www.googleadservices.com/pagead/managed/js/activeview/current/reach_worklet.html:0
[   12371ms] [ERROR] Attestation check for Shared Storage on https://www.googleadservices.com failed. @ https://www.googleadservices.com/pagead/managed/js/activeview/current/reach_worklet.html:0
[   12372ms] [ERROR] Attestation check for Shared Storage on https://www.googleadservices.com failed. @ https://www.googleadservices.com/pagead/managed/js/activeview/current/reach_worklet.html:0
[   12490ms] [ERROR] Attestation check for Shared Storage on https://www.googleadservices.com failed. @ https://www.googleadservices.com/pagead/managed/js/activeview/current/reach_worklet.html:0
[   12494ms] [ERROR] Attestation check for Shared Storage on https://www.googleadservices.com failed. @ https://www.googleadservices.com/pagead/managed/js/activeview/current/reach_worklet.html:0
[   12497ms] [ERROR] Attestation check for Shared Storage on https://www.googleadservices.com failed. @ https://www.googleadservices.com/pagead/managed/js/activeview/current/reach_worklet.html:0
[   12516ms] [ERROR] Attestation check for Shared Storage on https://www.googleadservices.com failed. @ https://www.googleadservices.com/pagead/managed/js/activeview/current/reach_worklet.html:0
[   12665ms] [ERROR] Attestation check for Shared Storage on https://www.googleadservices.com failed. @ https://www.googleadservices.com/pagead/managed/js/activeview/current/reach_worklet.html:0
[   12669ms] [ERROR] Attestation check for Shared Storage on https://www.googleadservices.com failed. @ https://www.googleadservices.com/pagead/managed/js/activeview/current/reach_worklet.html:0
[   12671ms] [ERROR] Attestation check for Shared Storage on https://www.googleadservices.com failed. @ https://www.googleadservices.com/pagead/managed/js/activeview/current/reach_worklet.html:0
[   14012ms] [ERROR] Attestation check for Shared Storage on https://www.googleadservices.com failed. @ https://www.googleadservices.com/pagead/managed/js/activeview/current/reach_worklet.html:0
[   14139ms] [ERROR] Attestation check for Shared Storage on https://www.googleadservices.com failed. @ https://www.googleadservices.com/pagead/managed/js/activeview/current/reach_worklet.html:0
[   37881ms] [ERROR] Attestation check for Shared Storage on https://www.googleadservices.com failed. @ https://www.googleadservices.com/pagead/managed/js/activeview/current/reach_worklet.html:0
[   38164ms] [ERROR] Attestation check for Shared Storage on https://www.googleadservices.com failed. @ https://www.googleadservices.com/pagead/managed/js/activeview/current/reach_worklet.html:0
[   38748ms] [ERROR] Attestation check for Shared Storage on https://www.googleadservices.com failed. @ https://www.googleadservices.com/pagead/managed/js/activeview/current/reach_worklet.html:0
[   39055ms] [ERROR] Attestation check for Shared Storage on https://www.googleadservices.com failed. @ https://www.googleadservices.com/pagead/managed/js/activeview/current/reach_worklet.html:0
[   39615ms] [ERROR] Attestation check for Shared Storage on https://www.googleadservices.com failed. @ https://www.googleadservices.com/pagead/managed/js/activeview/current/reach_worklet.html:0
[   40381ms] [ERROR] Attestation check for Shared Storage on https://www.googleadservices.com failed. @ https://www.googleadservices.com/pagead/managed/js/activeview/current/reach_worklet.html:0
[   67611ms] [ERROR] Attestation check for Shared Storage on https://www.googleadservices.com failed. @ https://www.googleadservices.com/pagead/managed/js/activeview/current/reach_worklet.html:0
[   67885ms] [ERROR] Attestation check for Shared Storage on https://www.googleadservices.com failed. @ https://www.googleadservices.com/pagead/managed/js/activeview/current/reach_worklet.html:0
[   68828ms] [ERROR] Attestation check for Shared Storage on https://www.googleadservices.com failed. @ https://www.googleadservices.com/pagead/managed/js/activeview/current/reach_worklet.html:0
[   69231ms] [ERROR] Attestation check for Shared Storage on https://www.googleadservices.com failed. @ https://www.googleadservices.com/pagead/managed/js/activeview/current/reach_worklet.html:0
[   69878ms] [ERROR] Attestation check for Shared Storage on https://www.googleadservices.com failed. @ https://www.googleadservices.com/pagead/managed/js/activeview/current/reach_worklet.html:0
[   95567ms] [ERROR] Attestation check for Shared Storage on https://www.googleadservices.com failed. @ https://www.googleadservices.com/pagead/managed/js/activeview/current/reach_worklet.html:0
[   95965ms] [ERROR] Attestation check for Shared Storage on https://www.googleadservices.com failed. @ https://www.googleadservices.com/pagead/managed/js/activeview/current/reach_worklet.html:0
[   97287ms] [ERROR] Attestation check for Shared Storage on https://www.googleadservices.com failed. @ https://www.googleadservices.com/pagead/managed/js/activeview/current/reach_worklet.html:0
[   13628ms] [ERROR] Failed to load resource: net::ERR_NAME_NOT_RESOLVED @ https://sync.search.spotxchange.com/partner?adv_id=7025&redir=https%3A%2F%2Fcm.g.doubleclick.net%2Fpixel%3Fgoogle_nid%3Dspotxchange_dbm%26google_hm%3D%24SPOTX_BASE64_USER_ID:0
[   13628ms] [ERROR] Failed to load resource: net::ERR_NAME_NOT_RESOLVED @ https://sync.search.spotxchange.com/partner?adv_id=7025&uid=CAESELhNE3v4rdJvA-6e5V7E6Zo&google_cver=1:0
[   66532ms] [ERROR] Failed to load resource: the server responded with a status of 410 (Gone) @ https://ads.stickyadstv.com/user-matching?id=11:0
[   66543ms] [ERROR] Failed to load resource: the server responded with a status of 410 (Gone) @ https://ads.stickyadstv.com/user-registering?dataProviderId=141&userId=CAESED7CBMsuw-mLqwnRgbw6wqc&google_cver=1&gdpr=0:0
[   66597ms] [ERROR] Failed to load resource: net::ERR_NAME_NOT_RESOLVED @ https://tags.bluekai.com/site/2981?redir=https%3A%2F%2Fcm.g.doubleclick.net%2Fpixel%3Fgoogle_nid%3Dbluekai%26google_hm%3D%24_BK_UUID_B64&gdpr=0:0
[   66597ms] [ERROR] Failed to load resource: net::ERR_NAME_NOT_RESOLVED @ https://tags.bluekai.com/site/2981?id=&gdpr=0&google_gid=CAESEApDBglyoUn03S0p57PTJts&google_cver=1:0
[   67712ms] [ERROR] Failed to load resource: the server responded with a status of 410 (Gone) @ https://ads.stickyadstv.com/user-matching?id=11:0
[   67753ms] [ERROR] Failed to load resource: the server responded with a status of 410 (Gone) @ https://ads.stickyadstv.com/user-registering?dataProviderId=141&userId=CAESED7CBMsuw-mLqwnRgbw6wqc&google_cver=1:0
[   67842ms] [ERROR] Failed to load resource: net::ERR_NAME_NOT_RESOLVED @ https://tags.bluekai.com/site/2981?redir=https%3A%2F%2Fcm.g.doubleclick.net%2Fpixel%3Fgoogle_nid%3Dbluekai%26google_hm%3D%24_BK_UUID_B64:0
[   67842ms] [ERROR] Failed to load resource: net::ERR_NAME_NOT_RESOLVED @ https://tags.bluekai.com/site/2981?id=&google_gid=CAESEApDBglyoUn03S0p57PTJts&google_cver=1:0
[   68037ms] [ERROR] Failed to load resource: the server responded with a status of 410 (Gone) @ https://ads.stickyadstv.com/user-matching?id=11:0
[   68063ms] [ERROR] Failed to load resource: the server responded with a status of 410 (Gone) @ https://ads.stickyadstv.com/user-registering?dataProviderId=141&userId=CAESED7CBMsuw-mLqwnRgbw6wqc&google_cver=1&gdpr=0:0
[   68155ms] [ERROR] Failed to load resource: net::ERR_NAME_NOT_RESOLVED @ https://tags.bluekai.com/site/2981?id=&gdpr=0&google_gid=CAESEApDBglyoUn03S0p57PTJts&google_cver=1:0
[   68155ms] [ERROR] Failed to load resource: net::ERR_NAME_NOT_RESOLVED @ https://tags.bluekai.com/site/2981?redir=https%3A%2F%2Fcm.g.doubleclick.net%2Fpixel%3Fgoogle_nid%3Dbluekai%26google_hm%3D%24_BK_UUID_B64&gdpr=0:0
[   69093ms] [ERROR] Failed to load resource: net::ERR_NAME_NOT_RESOLVED @ https://x.dlx.addthis.com/e/googlegdn_sync?na_exid=CAESEOcrOXhVZHHOtBREeNMAnXc&gdpr=0&google_cver=1:0
[   69758ms] [ERROR] Failed to load resource: net::ERR_NAME_NOT_RESOLVED @ https://x.dlx.addthis.com/e/googlegdn_sync?na_exid=CAESEOcrOXhVZHHOtBREeNMAnXc&gdpr=0&google_cver=1:0
[   12309ms] [ERROR] Attestation check for Shared Storage on https://www.googleadservices.com failed. @ https://www.googleadservices.com/pagead/managed/js/activeview/current/reach_worklet.html:0
[   12371ms] [ERROR] Attestation check for Shared Storage on https://www.googleadservices.com failed. @ https://www.googleadservices.com/pagead/managed/js/activeview/current/reach_worklet.html:0
[   12372ms] [ERROR] Attestation check for Shared Storage on https://www.googleadservices.com failed. @ https://www.googleadservices.com/pagead/managed/js/activeview/current/reach_worklet.html:0
[   12490ms] [ERROR] Attestation check for Shared Storage on https://www.googleadservices.com failed. @ https://www.googleadservices.com/pagead/managed/js/activeview/current/reach_worklet.html:0
[   12494ms] [ERROR] Attestation check for Shared Storage on https://www.googleadservices.com failed. @ https://www.googleadservices.com/pagead/managed/js/activeview/current/reach_worklet.html:0
[   12497ms] [ERROR] Attestation check for Shared Storage on https://www.googleadservices.com failed. @ https://www.googleadservices.com/pagead/managed/js/activeview/current/reach_worklet.html:0
[   12516ms] [ERROR] Attestation check for Shared Storage on https://www.googleadservices.com failed. @ https://www.googleadservices.com/pagead/managed/js/activeview/current/reach_worklet.html:0
[   12665ms] [ERROR] Attestation check for Shared Storage on https://www.googleadservices.com failed. @ https://www.googleadservices.com/pagead/managed/js/activeview/current/reach_worklet.html:0
[   12669ms] [ERROR] Attestation check for Shared Storage on https://www.googleadservices.com failed. @ https://www.googleadservices.com/pagead/managed/js/activeview/current/reach_worklet.html:0
[   12671ms] [ERROR] Attestation check for Shared Storage on https://www.googleadservices.com failed. @ https://www.googleadservices.com/pagead/managed/js/activeview/current/reach_worklet.html:0
[   14012ms] [ERROR] Attestation check for Shared Storage on https://www.googleadservices.com failed. @ https://www.googleadservices.com/pagead/managed/js/activeview/current/reach_worklet.html:0
[   14139ms] [ERROR] Attestation check for Shared Storage on https://www.googleadservices.com failed. @ https://www.googleadservices.com/pagead/managed/js/activeview/current/reach_worklet.html:0
[   37881ms] [ERROR] Attestation check for Shared Storage on https://www.googleadservices.com failed. @ https://www.googleadservices.com/pagead/managed/js/activeview/current/reach_worklet.html:0
[   38164ms] [ERROR] Attestation check for Shared Storage on https://www.googleadservices.com failed. @ https://www.googleadservices.com/pagead/managed/js/activeview/current/reach_worklet.html:0
[   38748ms] [ERROR] Attestation check for Shared Storage on https://www.googleadservices.com failed. @ https://www.googleadservices.com/pagead/managed/js/activeview/current/reach_worklet.html:0
[   39055ms] [ERROR] Attestation check for Shared Storage on https://www.googleadservices.com failed. @ https://www.googleadservices.com/pagead/managed/js/activeview/current/reach_worklet.html:0
[   39615ms] [ERROR] Attestation check for Shared Storage on https://www.googleadservices.com failed. @ https://www.googleadservices.com/pagead/managed/js/activeview/current/reach_worklet.html:0
[   40381ms] [ERROR] Attestation check for Shared Storage on https://www.googleadservices.com failed. @ https://www.googleadservices.com/pagead/managed/js/activeview/current/reach_worklet.html:0
[   67611ms] [ERROR] Attestation check for Shared Storage on https://www.googleadservices.com failed. @ https://www.googleadservices.com/pagead/managed/js/activeview/current/reach_worklet.html:0
[   67885ms] [ERROR] Attestation check for Shared Storage on https://www.googleadservices.com failed. @ https://www.googleadservices.com/pagead/managed/js/activeview/current/reach_worklet.html:0
[   68828ms] [ERROR] Attestation check for Shared Storage on https://www.googleadservices.com failed. @ https://www.googleadservices.com/pagead/managed/js/activeview/current/reach_worklet.html:0
[   69231ms] [ERROR] Attestation check for Shared Storage on https://www.googleadservices.com failed. @ https://www.googleadservices.com/pagead/managed/js/activeview/current/reach_worklet.html:0
[   69878ms] [ERROR] Attestation check for Shared Storage on https://www.googleadservices.com failed. @ https://www.googleadservices.com/pagead/managed/js/activeview/current/reach_worklet.html:0
[   95567ms] [ERROR] Attestation check for Shared Storage on https://www.googleadservices.com failed. @ https://www.googleadservices.com/pagead/managed/js/activeview/current/reach_worklet.html:0
[   95965ms] [ERROR] Attestation check for Shared Storage on https://www.googleadservices.com failed. @ https://www.googleadservices.com/pagead/managed/js/activeview/current/reach_worklet.html:0
[   97287ms] [ERROR] Attestation check for Shared Storage on https://www.googleadservices.com failed. @ https://www.googleadservices.com/pagead/managed/js/activeview/current/reach_worklet.html:0
[   98195ms] [ERROR] Attestation check for Shared Storage on https://www.googleadservices.com failed. @ https://www.googleadservices.com/pagead/managed/js/activeview/current/reach_worklet.html:0
[   99903ms] [WARNING] The resource https://d.pub.network/v2/sites/looperman-com/configs?env=PROD was preloaded using link preload but not used within a few seconds from the window's load event. Please make sure it has an appropriate `as` value and it is preloaded intentionally. @ https://www.looperman.com/loops?page=1&cid=20&gid=19&ftempo=130&ttempo=130:0
[   99903ms] [WARNING] The resource https://www.looperman.com/assets-v3/icons/fonts/looperman-icon.ttf?v=6.1.19 was preloaded using link preload but not used within a few seconds from the window's load event. Please make sure it has an appropriate `as` value and it is preloaded intentionally. @ https://www.looperman.com/loops?page=1&cid=20&gid=19&ftempo=130&ttempo=130:0
[   13628ms] [ERROR] Failed to load resource: net::ERR_NAME_NOT_RESOLVED @ https://sync.search.spotxchange.com/partner?adv_id=7025&redir=https%3A%2F%2Fcm.g.doubleclick.net%2Fpixel%3Fgoogle_nid%3Dspotxchange_dbm%26google_hm%3D%24SPOTX_BASE64_USER_ID:0
[   13628ms] [ERROR] Failed to load resource: net::ERR_NAME_NOT_RESOLVED @ https://sync.search.spotxchange.com/partner?adv_id=7025&uid=CAESELhNE3v4rdJvA-6e5V7E6Zo&google_cver=1:0
[   66532ms] [ERROR] Failed to load resource: the server responded with a status of 410 (Gone) @ https://ads.stickyadstv.com/user-matching?id=11:0
[   66543ms] [ERROR] Failed to load resource: the server responded with a status of 410 (Gone) @ https://ads.stickyadstv.com/user-registering?dataProviderId=141&userId=CAESED7CBMsuw-mLqwnRgbw6wqc&google_cver=1&gdpr=0:0
[   66597ms] [ERROR] Failed to load resource: net::ERR_NAME_NOT_RESOLVED @ https://tags.bluekai.com/site/2981?redir=https%3A%2F%2Fcm.g.doubleclick.net%2Fpixel%3Fgoogle_nid%3Dbluekai%26google_hm%3D%24_BK_UUID_B64&gdpr=0:0
[   66597ms] [ERROR] Failed to load resource: net::ERR_NAME_NOT_RESOLVED @ https://tags.bluekai.com/site/2981?id=&gdpr=0&google_gid=CAESEApDBglyoUn03S0p57PTJts&google_cver=1:0
[   67712ms] [ERROR] Failed to load resource: the server responded with a status of 410 (Gone) @ https://ads.stickyadstv.com/user-matching?id=11:0
[   67753ms] [ERROR] Failed to load resource: the server responded with a status of 410 (Gone) @ https://ads.stickyadstv.com/user-registering?dataProviderId=141&userId=CAESED7CBMsuw-mLqwnRgbw6wqc&google_cver=1:0
[   67842ms] [ERROR] Failed to load resource: net::ERR_NAME_NOT_RESOLVED @ https://tags.bluekai.com/site/2981?redir=https%3A%2F%2Fcm.g.doubleclick.net%2Fpixel%3Fgoogle_nid%3Dbluekai%26google_hm%3D%24_BK_UUID_B64:0
[   67842ms] [ERROR] Failed to load resource: net::ERR_NAME_NOT_RESOLVED @ https://tags.bluekai.com/site/2981?id=&google_gid=CAESEApDBglyoUn03S0p57PTJts&google_cver=1:0
[   68037ms] [ERROR] Failed to load resource: the server responded with a status of 410 (Gone) @ https://ads.stickyadstv.com/user-matching?id=11:0
[   68063ms] [ERROR] Failed to load resource: the server responded with a status of 410 (Gone) @ https://ads.stickyadstv.com/user-registering?dataProviderId=141&userId=CAESED7CBMsuw-mLqwnRgbw6wqc&google_cver=1&gdpr=0:0
[   68155ms] [ERROR] Failed to load resource: net::ERR_NAME_NOT_RESOLVED @ https://tags.bluekai.com/site/2981?id=&gdpr=0&google_gid=CAESEApDBglyoUn03S0p57PTJts&google_cver=1:0
[   68155ms] [ERROR] Failed to load resource: net::ERR_NAME_NOT_RESOLVED @ https://tags.bluekai.com/site/2981?redir=https%3A%2F%2Fcm.g.doubleclick.net%2Fpixel%3Fgoogle_nid%3Dbluekai%26google_hm%3D%24_BK_UUID_B64&gdpr=0:0
[   69093ms] [ERROR] Failed to load resource: net::ERR_NAME_NOT_RESOLVED @ https://x.dlx.addthis.com/e/googlegdn_sync?na_exid=CAESEOcrOXhVZHHOtBREeNMAnXc&gdpr=0&google_cver=1:0
[   69758ms] [ERROR] Failed to load resource: net::ERR_NAME_NOT_RESOLVED @ https://x.dlx.addthis.com/e/googlegdn_sync?na_exid=CAESEOcrOXhVZHHOtBREeNMAnXc&gdpr=0&google_cver=1:0
[   12309ms] [ERROR] Attestation check for Shared Storage on https://www.googleadservices.com failed. @ https://www.googleadservices.com/pagead/managed/js/activeview/current/reach_worklet.html:0
[   12371ms] [ERROR] Attestation check for Shared Storage on https://www.googleadservices.com failed. @ https://www.googleadservices.com/pagead/managed/js/activeview/current/reach_worklet.html:0
[   12372ms] [ERROR] Attestation check for Shared Storage on https://www.googleadservices.com failed. @ https://www.googleadservices.com/pagead/managed/js/activeview/current/reach_worklet.html:0
[   12490ms] [ERROR] Attestation check for Shared Storage on https://www.googleadservices.com failed. @ https://www.googleadservices.com/pagead/managed/js/activeview/current/reach_worklet.html:0
[   12494ms] [ERROR] Attestation check for Shared Storage on https://www.googleadservices.com failed. @ https://www.googleadservices.com/pagead/managed/js/activeview/current/reach_worklet.html:0
[   12497ms] [ERROR] Attestation check for Shared Storage on https://www.googleadservices.com failed. @ https://www.googleadservices.com/pagead/managed/js/activeview/current/reach_worklet.html:0
[   12516ms] [ERROR] Attestation check for Shared Storage on https://www.googleadservices.com failed. @ https://www.googleadservices.com/pagead/managed/js/activeview/current/reach_worklet.html:0
[   12665ms] [ERROR] Attestation check for Shared Storage on https://www.googleadservices.com failed. @ https://www.googleadservices.com/pagead/managed/js/activeview/current/reach_worklet.html:0
[   12669ms] [ERROR] Attestation check for Shared Storage on https://www.googleadservices.com failed. @ https://www.googleadservices.com/pagead/managed/js/activeview/current/reach_worklet.html:0
[   12671ms] [ERROR] Attestation check for Shared Storage on https://www.googleadservices.com failed. @ https://www.googleadservices.com/pagead/managed/js/activeview/current/reach_worklet.html:0
[   14012ms] [ERROR] Attestation check for Shared Storage on https://www.googleadservices.com failed. @ https://www.googleadservices.com/pagead/managed/js/activeview/current/reach_worklet.html:0
[   14139ms] [ERROR] Attestation check for Shared Storage on https://www.googleadservices.com failed. @ https://www.googleadservices.com/pagead/managed/js/activeview/current/reach_worklet.html:0
[   37881ms] [ERROR] Attestation check for Shared Storage on https://www.googleadservices.com failed. @ https://www.googleadservices.com/pagead/managed/js/activeview/current/reach_worklet.html:0
[   38164ms] [ERROR] Attestation check for Shared Storage on https://www.googleadservices.com failed. @ https://www.googleadservices.com/pagead/managed/js/activeview/current/reach_worklet.html:0
[   38748ms] [ERROR] Attestation check for Shared Storage on https://www.googleadservices.com failed. @ https://www.googleadservices.com/pagead/managed/js/activeview/current/reach_worklet.html:0
[   39055ms] [ERROR] Attestation check for Shared Storage on https://www.googleadservices.com failed. @ https://www.googleadservices.com/pagead/managed/js/activeview/current/reach_worklet.html:0
[   39615ms] [ERROR] Attestation check for Shared Storage on https://www.googleadservices.com failed. @ https://www.googleadservices.com/pagead/managed/js/activeview/current/reach_worklet.html:0
[   40381ms] [ERROR] Attestation check for Shared Storage on https://www.googleadservices.com failed. @ https://www.googleadservices.com/pagead/managed/js/activeview/current/reach_worklet.html:0
[   67611ms] [ERROR] Attestation check for Shared Storage on https://www.googleadservices.com failed. @ https://www.googleadservices.com/pagead/managed/js/activeview/current/reach_worklet.html:0
[   67885ms] [ERROR] Attestation check for Shared Storage on https://www.googleadservices.com failed. @ https://www.googleadservices.com/pagead/managed/js/activeview/current/reach_worklet.html:0
[   68828ms] [ERROR] Attestation check for Shared Storage on https://www.googleadservices.com failed. @ https://www.googleadservices.com/pagead/managed/js/activeview/current/reach_worklet.html:0
[   69231ms] [ERROR] Attestation check for Shared Storage on https://www.googleadservices.com failed. @ https://www.googleadservices.com/pagead/managed/js/activeview/current/reach_worklet.html:0
[   69878ms] [ERROR] Attestation check for Shared Storage on https://www.googleadservices.com failed. @ https://www.googleadservices.com/pagead/managed/js/activeview/current/reach_worklet.html:0
[   95567ms] [ERROR] Attestation check for Shared Storage on https://www.googleadservices.com failed. @ https://www.googleadservices.com/pagead/managed/js/activeview/current/reach_worklet.html:0
[   95965ms] [ERROR] Attestation check for Shared Storage on https://www.googleadservices.com failed. @ https://www.googleadservices.com/pagead/managed/js/activeview/current/reach_worklet.html:0
[   97287ms] [ERROR] Attestation check for Shared Storage on https://www.googleadservices.com failed. @ https://www.googleadservices.com/pagead/managed/js/activeview/current/reach_worklet.html:0
[   98195ms] [ERROR] Attestation check for Shared Storage on https://www.googleadservices.com failed. @ https://www.googleadservices.com/pagead/managed/js/activeview/current/reach_worklet.html:0
[  124406ms] [ERROR] Attestation check for Shared Storage on https://www.googleadservices.com failed. @ https://www.googleadservices.com/pagead/managed/js/activeview/current/reach_worklet.html:0
[   13628ms] [ERROR] Failed to load resource: net::ERR_NAME_NOT_RESOLVED @ https://sync.search.spotxchange.com/partner?adv_id=7025&redir=https%3A%2F%2Fcm.g.doubleclick.net%2Fpixel%3Fgoogle_nid%3Dspotxchange_dbm%26google_hm%3D%24SPOTX_BASE64_USER_ID:0
[   13628ms] [ERROR] Failed to load resource: net::ERR_NAME_NOT_RESOLVED @ https://sync.search.spotxchange.com/partner?adv_id=7025&uid=CAESELhNE3v4rdJvA-6e5V7E6Zo&google_cver=1:0
[   66532ms] [ERROR] Failed to load resource: the server responded with a status of 410 (Gone) @ https://ads.stickyadstv.com/user-matching?id=11:0
[   66543ms] [ERROR] Failed to load resource: the server responded with a status of 410 (Gone) @ https://ads.stickyadstv.com/user-registering?dataProviderId=141&userId=CAESED7CBMsuw-mLqwnRgbw6wqc&google_cver=1&gdpr=0:0
[   66597ms] [ERROR] Failed to load resource: net::ERR_NAME_NOT_RESOLVED @ https://tags.bluekai.com/site/2981?redir=https%3A%2F%2Fcm.g.doubleclick.net%2Fpixel%3Fgoogle_nid%3Dbluekai%26google_hm%3D%24_BK_UUID_B64&gdpr=0:0
[   66597ms] [ERROR] Failed to load resource: net::ERR_NAME_NOT_RESOLVED @ https://tags.bluekai.com/site/2981?id=&gdpr=0&google_gid=CAESEApDBglyoUn03S0p57PTJts&google_cver=1:0
[   67712ms] [ERROR] Failed to load resource: the server responded with a status of 410 (Gone) @ https://ads.stickyadstv.com/user-matching?id=11:0
[   67753ms] [ERROR] Failed to load resource: the server responded with a status of 410 (Gone) @ https://ads.stickyadstv.com/user-registering?dataProviderId=141&userId=CAESED7CBMsuw-mLqwnRgbw6wqc&google_cver=1:0
[   67842ms] [ERROR] Failed to load resource: net::ERR_NAME_NOT_RESOLVED @ https://tags.bluekai.com/site/2981?redir=https%3A%2F%2Fcm.g.doubleclick.net%2Fpixel%3Fgoogle_nid%3Dbluekai%26google_hm%3D%24_BK_UUID_B64:0
[   67842ms] [ERROR] Failed to load resource: net::ERR_NAME_NOT_RESOLVED @ https://tags.bluekai.com/site/2981?id=&google_gid=CAESEApDBglyoUn03S0p57PTJts&google_cver=1:0
[   68037ms] [ERROR] Failed to load resource: the server responded with a status of 410 (Gone) @ https://ads.stickyadstv.com/user-matching?id=11:0
[   68063ms] [ERROR] Failed to load resource: the server responded with a status of 410 (Gone) @ https://ads.stickyadstv.com/user-registering?dataProviderId=141&userId=CAESED7CBMsuw-mLqwnRgbw6wqc&google_cver=1&gdpr=0:0
[   68155ms] [ERROR] Failed to load resource: net::ERR_NAME_NOT_RESOLVED @ https://tags.bluekai.com/site/2981?id=&gdpr=0&google_gid=CAESEApDBglyoUn03S0p57PTJts&google_cver=1:0
[   68155ms] [ERROR] Failed to load resource: net::ERR_NAME_NOT_RESOLVED @ https://tags.bluekai.com/site/2981?redir=https%3A%2F%2Fcm.g.doubleclick.net%2Fpixel%3Fgoogle_nid%3Dbluekai%26google_hm%3D%24_BK_UUID_B64&gdpr=0:0
[   69093ms] [ERROR] Failed to load resource: net::ERR_NAME_NOT_RESOLVED @ https://x.dlx.addthis.com/e/googlegdn_sync?na_exid=CAESEOcrOXhVZHHOtBREeNMAnXc&gdpr=0&google_cver=1:0
[   69758ms] [ERROR] Failed to load resource: net::ERR_NAME_NOT_RESOLVED @ https://x.dlx.addthis.com/e/googlegdn_sync?na_exid=CAESEOcrOXhVZHHOtBREeNMAnXc&gdpr=0&google_cver=1:0
[   38057ms] [ERROR] Failed to load resource: net::ERR_NAME_NOT_RESOLVED @ https://cs.lkqd.net/cs?partnerId=109&partnerUserId=be66582b4a&gdpr=0&gdpr_consent=:0
[   38378ms] [ERROR] Failed to load resource: net::ERR_TOO_MANY_REDIRECTS @ https://pxl.iqm.com/i/ck/pubmatic?puid=595AAA24-699C-478D-A656-75A2F548DF90:0
[   38378ms] [ERROR] Failed to load resource: net::ERR_TOO_MANY_REDIRECTS @ https://partners.tremorhub.com/sync?UIIQ=5a2319ad-66fa-4e3d-a813-da5de62fe8db:0
[   12309ms] [ERROR] Attestation check for Shared Storage on https://www.googleadservices.com failed. @ https://www.googleadservices.com/pagead/managed/js/activeview/current/reach_worklet.html:0
[   12371ms] [ERROR] Attestation check for Shared Storage on https://www.googleadservices.com failed. @ https://www.googleadservices.com/pagead/managed/js/activeview/current/reach_worklet.html:0
[   12372ms] [ERROR] Attestation check for Shared Storage on https://www.googleadservices.com failed. @ https://www.googleadservices.com/pagead/managed/js/activeview/current/reach_worklet.html:0
[   12490ms] [ERROR] Attestation check for Shared Storage on https://www.googleadservices.com failed. @ https://www.googleadservices.com/pagead/managed/js/activeview/current/reach_worklet.html:0
[   12494ms] [ERROR] Attestation check for Shared Storage on https://www.googleadservices.com failed. @ https://www.googleadservices.com/pagead/managed/js/activeview/current/reach_worklet.html:0
[   12497ms] [ERROR] Attestation check for Shared Storage on https://www.googleadservices.com failed. @ https://www.googleadservices.com/pagead/managed/js/activeview/current/reach_worklet.html:0
[   12516ms] [ERROR] Attestation check for Shared Storage on https://www.googleadservices.com failed. @ https://www.googleadservices.com/pagead/managed/js/activeview/current/reach_worklet.html:0
[   12665ms] [ERROR] Attestation check for Shared Storage on https://www.googleadservices.com failed. @ https://www.googleadservices.com/pagead/managed/js/activeview/current/reach_worklet.html:0
[   12669ms] [ERROR] Attestation check for Shared Storage on https://www.googleadservices.com failed. @ https://www.googleadservices.com/pagead/managed/js/activeview/current/reach_worklet.html:0
[   12671ms] [ERROR] Attestation check for Shared Storage on https://www.googleadservices.com failed. @ https://www.googleadservices.com/pagead/managed/js/activeview/current/reach_worklet.html:0
[   14012ms] [ERROR] Attestation check for Shared Storage on https://www.googleadservices.com failed. @ https://www.googleadservices.com/pagead/managed/js/activeview/current/reach_worklet.html:0
[   14139ms] [ERROR] Attestation check for Shared Storage on https://www.googleadservices.com failed. @ https://www.googleadservices.com/pagead/managed/js/activeview/current/reach_worklet.html:0
[   37881ms] [ERROR] Attestation check for Shared Storage on https://www.googleadservices.com failed. @ https://www.googleadservices.com/pagead/managed/js/activeview/current/reach_worklet.html:0
[   38164ms] [ERROR] Attestation check for Shared Storage on https://www.googleadservices.com failed. @ https://www.googleadservices.com/pagead/managed/js/activeview/current/reach_worklet.html:0
[   38748ms] [ERROR] Attestation check for Shared Storage on https://www.googleadservices.com failed. @ https://www.googleadservices.com/pagead/managed/js/activeview/current/reach_worklet.html:0
[   39055ms] [ERROR] Attestation check for Shared Storage on https://www.googleadservices.com failed. @ https://www.googleadservices.com/pagead/managed/js/activeview/current/reach_worklet.html:0
[   39615ms] [ERROR] Attestation check for Shared Storage on https://www.googleadservices.com failed. @ https://www.googleadservices.com/pagead/managed/js/activeview/current/reach_worklet.html:0
[   40381ms] [ERROR] Attestation check for Shared Storage on https://www.googleadservices.com failed. @ https://www.googleadservices.com/pagead/managed/js/activeview/current/reach_worklet.html:0
[   67611ms] [ERROR] Attestation check for Shared Storage on https://www.googleadservices.com failed. @ https://www.googleadservices.com/pagead/managed/js/activeview/current/reach_worklet.html:0
[   67885ms] [ERROR] Attestation check for Shared Storage on https://www.googleadservices.com failed. @ https://www.googleadservices.com/pagead/managed/js/activeview/current/reach_worklet.html:0
[   68828ms] [ERROR] Attestation check for Shared Storage on https://www.googleadservices.com failed. @ https://www.googleadservices.com/pagead/managed/js/activeview/current/reach_worklet.html:0
[   69231ms] [ERROR] Attestation check for Shared Storage on https://www.googleadservices.com failed. @ https://www.googleadservices.com/pagead/managed/js/activeview/current/reach_worklet.html:0
[   69878ms] [ERROR] Attestation check for Shared Storage on https://www.googleadservices.com failed. @ https://www.googleadservices.com/pagead/managed/js/activeview/current/reach_worklet.html:0
[   95567ms] [ERROR] Attestation check for Shared Storage on https://www.googleadservices.com failed. @ https://www.googleadservices.com/pagead/managed/js/activeview/current/reach_worklet.html:0
[   95965ms] [ERROR] Attestation check for Shared Storage on https://www.googleadservices.com failed. @ https://www.googleadservices.com/pagead/managed/js/activeview/current/reach_worklet.html:0
[   97287ms] [ERROR] Attestation check for Shared Storage on https://www.googleadservices.com failed. @ https://www.googleadservices.com/pagead/managed/js/activeview/current/reach_worklet.html:0
[   98195ms] [ERROR] Attestation check for Shared Storage on https://www.googleadservices.com failed. @ https://www.googleadservices.com/pagead/managed/js/activeview/current/reach_worklet.html:0
[  124406ms] [ERROR] Attestation check for Shared Storage on https://www.googleadservices.com failed. @ https://www.googleadservices.com/pagead/managed/js/activeview/current/reach_worklet.html:0
[  124800ms] [ERROR] Attestation check for Shared Storage on https://www.googleadservices.com failed. @ https://www.googleadservices.com/pagead/managed/js/activeview/current/reach_worklet.html:0
[   13628ms] [ERROR] Failed to load resource: net::ERR_NAME_NOT_RESOLVED @ https://sync.search.spotxchange.com/partner?adv_id=7025&redir=https%3A%2F%2Fcm.g.doubleclick.net%2Fpixel%3Fgoogle_nid%3Dspotxchange_dbm%26google_hm%3D%24SPOTX_BASE64_USER_ID:0
[   13628ms] [ERROR] Failed to load resource: net::ERR_NAME_NOT_RESOLVED @ https://sync.search.spotxchange.com/partner?adv_id=7025&uid=CAESELhNE3v4rdJvA-6e5V7E6Zo&google_cver=1:0
[   66532ms] [ERROR] Failed to load resource: the server responded with a status of 410 (Gone) @ https://ads.stickyadstv.com/user-matching?id=11:0
[   66543ms] [ERROR] Failed to load resource: the server responded with a status of 410 (Gone) @ https://ads.stickyadstv.com/user-registering?dataProviderId=141&userId=CAESED7CBMsuw-mLqwnRgbw6wqc&google_cver=1&gdpr=0:0
[   66597ms] [ERROR] Failed to load resource: net::ERR_NAME_NOT_RESOLVED @ https://tags.bluekai.com/site/2981?redir=https%3A%2F%2Fcm.g.doubleclick.net%2Fpixel%3Fgoogle_nid%3Dbluekai%26google_hm%3D%24_BK_UUID_B64&gdpr=0:0
[   66597ms] [ERROR] Failed to load resource: net::ERR_NAME_NOT_RESOLVED @ https://tags.bluekai.com/site/2981?id=&gdpr=0&google_gid=CAESEApDBglyoUn03S0p57PTJts&google_cver=1:0
[   67712ms] [ERROR] Failed to load resource: the server responded with a status of 410 (Gone) @ https://ads.stickyadstv.com/user-matching?id=11:0
[   67753ms] [ERROR] Failed to load resource: the server responded with a status of 410 (Gone) @ https://ads.stickyadstv.com/user-registering?dataProviderId=141&userId=CAESED7CBMsuw-mLqwnRgbw6wqc&google_cver=1:0
[   67842ms] [ERROR] Failed to load resource: net::ERR_NAME_NOT_RESOLVED @ https://tags.bluekai.com/site/2981?redir=https%3A%2F%2Fcm.g.doubleclick.net%2Fpixel%3Fgoogle_nid%3Dbluekai%26google_hm%3D%24_BK_UUID_B64:0
[   67842ms] [ERROR] Failed to load resource: net::ERR_NAME_NOT_RESOLVED @ https://tags.bluekai.com/site/2981?id=&google_gid=CAESEApDBglyoUn03S0p57PTJts&google_cver=1:0
[   68037ms] [ERROR] Failed to load resource: the server responded with a status of 410 (Gone) @ https://ads.stickyadstv.com/user-matching?id=11:0
[   68063ms] [ERROR] Failed to load resource: the server responded with a status of 410 (Gone) @ https://ads.stickyadstv.com/user-registering?dataProviderId=141&userId=CAESED7CBMsuw-mLqwnRgbw6wqc&google_cver=1&gdpr=0:0
[   68155ms] [ERROR] Failed to load resource: net::ERR_NAME_NOT_RESOLVED @ https://tags.bluekai.com/site/2981?id=&gdpr=0&google_gid=CAESEApDBglyoUn03S0p57PTJts&google_cver=1:0
[   68155ms] [ERROR] Failed to load resource: net::ERR_NAME_NOT_RESOLVED @ https://tags.bluekai.com/site/2981?redir=https%3A%2F%2Fcm.g.doubleclick.net%2Fpixel%3Fgoogle_nid%3Dbluekai%26google_hm%3D%24_BK_UUID_B64&gdpr=0:0
[   69093ms] [ERROR] Failed to load resource: net::ERR_NAME_NOT_RESOLVED @ https://x.dlx.addthis.com/e/googlegdn_sync?na_exid=CAESEOcrOXhVZHHOtBREeNMAnXc&gdpr=0&google_cver=1:0
[   69758ms] [ERROR] Failed to load resource: net::ERR_NAME_NOT_RESOLVED @ https://x.dlx.addthis.com/e/googlegdn_sync?na_exid=CAESEOcrOXhVZHHOtBREeNMAnXc&gdpr=0&google_cver=1:0
[   12309ms] [ERROR] Attestation check for Shared Storage on https://www.googleadservices.com failed. @ https://www.googleadservices.com/pagead/managed/js/activeview/current/reach_worklet.html:0
[   12371ms] [ERROR] Attestation check for Shared Storage on https://www.googleadservices.com failed. @ https://www.googleadservices.com/pagead/managed/js/activeview/current/reach_worklet.html:0
[   12372ms] [ERROR] Attestation check for Shared Storage on https://www.googleadservices.com failed. @ https://www.googleadservices.com/pagead/managed/js/activeview/current/reach_worklet.html:0
[   12490ms] [ERROR] Attestation check for Shared Storage on https://www.googleadservices.com failed. @ https://www.googleadservices.com/pagead/managed/js/activeview/current/reach_worklet.html:0
[   12494ms] [ERROR] Attestation check for Shared Storage on https://www.googleadservices.com failed. @ https://www.googleadservices.com/pagead/managed/js/activeview/current/reach_worklet.html:0
[   12497ms] [ERROR] Attestation check for Shared Storage on https://www.googleadservices.com failed. @ https://www.googleadservices.com/pagead/managed/js/activeview/current/reach_worklet.html:0
[   12516ms] [ERROR] Attestation check for Shared Storage on https://www.googleadservices.com failed. @ https://www.googleadservices.com/pagead/managed/js/activeview/current/reach_worklet.html:0
[   12665ms] [ERROR] Attestation check for Shared Storage on https://www.googleadservices.com failed. @ https://www.googleadservices.com/pagead/managed/js/activeview/current/reach_worklet.html:0
[   12669ms] [ERROR] Attestation check for Shared Storage on https://www.googleadservices.com failed. @ https://www.googleadservices.com/pagead/managed/js/activeview/current/reach_worklet.html:0
[   12671ms] [ERROR] Attestation check for Shared Storage on https://www.googleadservices.com failed. @ https://www.googleadservices.com/pagead/managed/js/activeview/current/reach_worklet.html:0
[   14012ms] [ERROR] Attestation check for Shared Storage on https://www.googleadservices.com failed. @ https://www.googleadservices.com/pagead/managed/js/activeview/current/reach_worklet.html:0
[   14139ms] [ERROR] Attestation check for Shared Storage on https://www.googleadservices.com failed. @ https://www.googleadservices.com/pagead/managed/js/activeview/current/reach_worklet.html:0
[   37881ms] [ERROR] Attestation check for Shared Storage on https://www.googleadservices.com failed. @ https://www.googleadservices.com/pagead/managed/js/activeview/current/reach_worklet.html:0
[   38164ms] [ERROR] Attestation check for Shared Storage on https://www.googleadservices.com failed. @ https://www.googleadservices.com/pagead/managed/js/activeview/current/reach_worklet.html:0
[   38748ms] [ERROR] Attestation check for Shared Storage on https://www.googleadservices.com failed. @ https://www.googleadservices.com/pagead/managed/js/activeview/current/reach_worklet.html:0
[   39055ms] [ERROR] Attestation check for Shared Storage on https://www.googleadservices.com failed. @ https://www.googleadservices.com/pagead/managed/js/activeview/current/reach_worklet.html:0
[   39615ms] [ERROR] Attestation check for Shared Storage on https://www.googleadservices.com failed. @ https://www.googleadservices.com/pagead/managed/js/activeview/current/reach_worklet.html:0
[   40381ms] [ERROR] Attestation check for Shared Storage on https://www.googleadservices.com failed. @ https://www.googleadservices.com/pagead/managed/js/activeview/current/reach_worklet.html:0
[   67611ms] [ERROR] Attestation check for Shared Storage on https://www.googleadservices.com failed. @ https://www.googleadservices.com/pagead/managed/js/activeview/current/reach_worklet.html:0
[   67885ms] [ERROR] Attestation check for Shared Storage on https://www.googleadservices.com failed. @ https://www.googleadservices.com/pagead/managed/js/activeview/current/reach_worklet.html:0
[   68828ms] [ERROR] Attestation check for Shared Storage on https://www.googleadservices.com failed. @ https://www.googleadservices.com/pagead/managed/js/activeview/current/reach_worklet.html:0
[   69231ms] [ERROR] Attestation check for Shared Storage on https://www.googleadservices.com failed. @ https://www.googleadservices.com/pagead/managed/js/activeview/current/reach_worklet.html:0
[   69878ms] [ERROR] Attestation check for Shared Storage on https://www.googleadservices.com failed. @ https://www.googleadservices.com/pagead/managed/js/activeview/current/reach_worklet.html:0
[   95567ms] [ERROR] Attestation check for Shared Storage on https://www.googleadservices.com failed. @ https://www.googleadservices.com/pagead/managed/js/activeview/current/reach_worklet.html:0
[   95965ms] [ERROR] Attestation check for Shared Storage on https://www.googleadservices.com failed. @ https://www.googleadservices.com/pagead/managed/js/activeview/current/reach_worklet.html:0
[   97287ms] [ERROR] Attestation check for Shared Storage on https://www.googleadservices.com failed. @ https://www.googleadservices.com/pagead/managed/js/activeview/current/reach_worklet.html:0
[   98195ms] [ERROR] Attestation check for Shared Storage on https://www.googleadservices.com failed. @ https://www.googleadservices.com/pagead/managed/js/activeview/current/reach_worklet.html:0
[  124406ms] [ERROR] Attestation check for Shared Storage on https://www.googleadservices.com failed. @ https://www.googleadservices.com/pagead/managed/js/activeview/current/reach_worklet.html:0
[  124800ms] [ERROR] Attestation check for Shared Storage on https://www.googleadservices.com failed. @ https://www.googleadservices.com/pagead/managed/js/activeview/current/reach_worklet.html:0
[   12309ms] [ERROR] Attestation check for Shared Storage on https://www.googleadservices.com failed. @ https://www.googleadservices.com/pagead/managed/js/activeview/current/reach_worklet.html:0
[   12371ms] [ERROR] Attestation check for Shared Storage on https://www.googleadservices.com failed. @ https://www.googleadservices.com/pagead/managed/js/activeview/current/reach_worklet.html:0
[   12372ms] [ERROR] Attestation check for Shared Storage on https://www.googleadservices.com failed. @ https://www.googleadservices.com/pagead/managed/js/activeview/current/reach_worklet.html:0
[   12490ms] [ERROR] Attestation check for Shared Storage on https://www.googleadservices.com failed. @ https://www.googleadservices.com/pagead/managed/js/activeview/current/reach_worklet.html:0
[   12494ms] [ERROR] Attestation check for Shared Storage on https://www.googleadservices.com failed. @ https://www.googleadservices.com/pagead/managed/js/activeview/current/reach_worklet.html:0
[   12497ms] [ERROR] Attestation check for Shared Storage on https://www.googleadservices.com failed. @ https://www.googleadservices.com/pagead/managed/js/activeview/current/reach_worklet.html:0
[   12516ms] [ERROR] Attestation check for Shared Storage on https://www.googleadservices.com failed. @ https://www.googleadservices.com/pagead/managed/js/activeview/current/reach_worklet.html:0
[   12665ms] [ERROR] Attestation check for Shared Storage on https://www.googleadservices.com failed. @ https://www.googleadservices.com/pagead/managed/js/activeview/current/reach_worklet.html:0
[   12669ms] [ERROR] Attestation check for Shared Storage on https://www.googleadservices.com failed. @ https://www.googleadservices.com/pagead/managed/js/activeview/current/reach_worklet.html:0
[   12671ms] [ERROR] Attestation check for Shared Storage on https://www.googleadservices.com failed. @ https://www.googleadservices.com/pagead/managed/js/activeview/current/reach_worklet.html:0
[   14012ms] [ERROR] Attestation check for Shared Storage on https://www.googleadservices.com failed. @ https://www.googleadservices.com/pagead/managed/js/activeview/current/reach_worklet.html:0
[   14139ms] [ERROR] Attestation check for Shared Storage on https://www.googleadservices.com failed. @ https://www.googleadservices.com/pagead/managed/js/activeview/current/reach_worklet.html:0
[   37881ms] [ERROR] Attestation check for Shared Storage on https://www.googleadservices.com failed. @ https://www.googleadservices.com/pagead/managed/js/activeview/current/reach_worklet.html:0
[   38164ms] [ERROR] Attestation check for Shared Storage on https://www.googleadservices.com failed. @ https://www.googleadservices.com/pagead/managed/js/activeview/current/reach_worklet.html:0
[   38748ms] [ERROR] Attestation check for Shared Storage on https://www.googleadservices.com failed. @ https://www.googleadservices.com/pagead/managed/js/activeview/current/reach_worklet.html:0
[   39055ms] [ERROR] Attestation check for Shared Storage on https://www.googleadservices.com failed. @ https://www.googleadservices.com/pagead/managed/js/activeview/current/reach_worklet.html:0
[   39615ms] [ERROR] Attestation check for Shared Storage on https://www.googleadservices.com failed. @ https://www.googleadservices.com/pagead/managed/js/activeview/current/reach_worklet.html:0
[   40381ms] [ERROR] Attestation check for Shared Storage on https://www.googleadservices.com failed. @ https://www.googleadservices.com/pagead/managed/js/activeview/current/reach_worklet.html:0
[   67611ms] [ERROR] Attestation check for Shared Storage on https://www.googleadservices.com failed. @ https://www.googleadservices.com/pagead/managed/js/activeview/current/reach_worklet.html:0
[   67885ms] [ERROR] Attestation check for Shared Storage on https://www.googleadservices.com failed. @ https://www.googleadservices.com/pagead/managed/js/activeview/current/reach_worklet.html:0
[   68828ms] [ERROR] Attestation check for Shared Storage on https://www.googleadservices.com failed. @ https://www.googleadservices.com/pagead/managed/js/activeview/current/reach_worklet.html:0
[   69231ms] [ERROR] Attestation check for Shared Storage on https://www.googleadservices.com failed. @ https://www.googleadservices.com/pagead/managed/js/activeview/current/reach_worklet.html:0
[   69878ms] [ERROR] Attestation check for Shared Storage on https://www.googleadservices.com failed. @ https://www.googleadservices.com/pagead/managed/js/activeview/current/reach_worklet.html:0
[   95567ms] [ERROR] Attestation check for Shared Storage on https://www.googleadservices.com failed. @ https://www.googleadservices.com/pagead/managed/js/activeview/current/reach_worklet.html:0
[   95965ms] [ERROR] Attestation check for Shared Storage on https://www.googleadservices.com failed. @ https://www.googleadservices.com/pagead/managed/js/activeview/current/reach_worklet.html:0
[   97287ms] [ERROR] Attestation check for Shared Storage on https://www.googleadservices.com failed. @ https://www.googleadservices.com/pagead/managed/js/activeview/current/reach_worklet.html:0
[   98195ms] [ERROR] Attestation check for Shared Storage on https://www.googleadservices.com failed. @ https://www.googleadservices.com/pagead/managed/js/activeview/current/reach_worklet.html:0
[  124406ms] [ERROR] Attestation check for Shared Storage on https://www.googleadservices.com failed. @ https://www.googleadservices.com/pagead/managed/js/activeview/current/reach_worklet.html:0
[  124800ms] [ERROR] Attestation check for Shared Storage on https://www.googleadservices.com failed. @ https://www.googleadservices.com/pagead/managed/js/activeview/current/reach_worklet.html:0
[   13628ms] [ERROR] Failed to load resource: net::ERR_NAME_NOT_RESOLVED @ https://sync.search.spotxchange.com/partner?adv_id=7025&redir=https%3A%2F%2Fcm.g.doubleclick.net%2Fpixel%3Fgoogle_nid%3Dspotxchange_dbm%26google_hm%3D%24SPOTX_BASE64_USER_ID:0
[   13628ms] [ERROR] Failed to load resource: net::ERR_NAME_NOT_RESOLVED @ https://sync.search.spotxchange.com/partner?adv_id=7025&uid=CAESELhNE3v4rdJvA-6e5V7E6Zo&google_cver=1:0
[   66532ms] [ERROR] Failed to load resource: the server responded with a status of 410 (Gone) @ https://ads.stickyadstv.com/user-matching?id=11:0
[   66543ms] [ERROR] Failed to load resource: the server responded with a status of 410 (Gone) @ https://ads.stickyadstv.com/user-registering?dataProviderId=141&userId=CAESED7CBMsuw-mLqwnRgbw6wqc&google_cver=1&gdpr=0:0
[   66597ms] [ERROR] Failed to load resource: net::ERR_NAME_NOT_RESOLVED @ https://tags.bluekai.com/site/2981?redir=https%3A%2F%2Fcm.g.doubleclick.net%2Fpixel%3Fgoogle_nid%3Dbluekai%26google_hm%3D%24_BK_UUID_B64&gdpr=0:0
[   66597ms] [ERROR] Failed to load resource: net::ERR_NAME_NOT_RESOLVED @ https://tags.bluekai.com/site/2981?id=&gdpr=0&google_gid=CAESEApDBglyoUn03S0p57PTJts&google_cver=1:0
[   67712ms] [ERROR] Failed to load resource: the server responded with a status of 410 (Gone) @ https://ads.stickyadstv.com/user-matching?id=11:0
[   67753ms] [ERROR] Failed to load resource: the server responded with a status of 410 (Gone) @ https://ads.stickyadstv.com/user-registering?dataProviderId=141&userId=CAESED7CBMsuw-mLqwnRgbw6wqc&google_cver=1:0
[   67842ms] [ERROR] Failed to load resource: net::ERR_NAME_NOT_RESOLVED @ https://tags.bluekai.com/site/2981?redir=https%3A%2F%2Fcm.g.doubleclick.net%2Fpixel%3Fgoogle_nid%3Dbluekai%26google_hm%3D%24_BK_UUID_B64:0
[   67842ms] [ERROR] Failed to load resource: net::ERR_NAME_NOT_RESOLVED @ https://tags.bluekai.com/site/2981?id=&google_gid=CAESEApDBglyoUn03S0p57PTJts&google_cver=1:0
[   68037ms] [ERROR] Failed to load resource: the server responded with a status of 410 (Gone) @ https://ads.stickyadstv.com/user-matching?id=11:0
[   68063ms] [ERROR] Failed to load resource: the server responded with a status of 410 (Gone) @ https://ads.stickyadstv.com/user-registering?dataProviderId=141&userId=CAESED7CBMsuw-mLqwnRgbw6wqc&google_cver=1&gdpr=0:0
[   68155ms] [ERROR] Failed to load resource: net::ERR_NAME_NOT_RESOLVED @ https://tags.bluekai.com/site/2981?id=&gdpr=0&google_gid=CAESEApDBglyoUn03S0p57PTJts&google_cver=1:0
[   68155ms] [ERROR] Failed to load resource: net::ERR_NAME_NOT_RESOLVED @ https://tags.bluekai.com/site/2981?redir=https%3A%2F%2Fcm.g.doubleclick.net%2Fpixel%3Fgoogle_nid%3Dbluekai%26google_hm%3D%24_BK_UUID_B64&gdpr=0:0
[   69093ms] [ERROR] Failed to load resource: net::ERR_NAME_NOT_RESOLVED @ https://x.dlx.addthis.com/e/googlegdn_sync?na_exid=CAESEOcrOXhVZHHOtBREeNMAnXc&gdpr=0&google_cver=1:0
[   69758ms] [ERROR] Failed to load resource: net::ERR_NAME_NOT_RESOLVED @ https://x.dlx.addthis.com/e/googlegdn_sync?na_exid=CAESEOcrOXhVZHHOtBREeNMAnXc&gdpr=0&google_cver=1:0
[  125766ms] [ERROR] Attestation check for Shared Storage on https://www.googleadservices.com failed. @ https://www.googleadservices.com/pagead/managed/js/activeview/current/reach_worklet.html:0
[   38057ms] [ERROR] Failed to load resource: net::ERR_NAME_NOT_RESOLVED @ https://cs.lkqd.net/cs?partnerId=109&partnerUserId=be66582b4a&gdpr=0&gdpr_consent=:0
[   38378ms] [ERROR] Failed to load resource: net::ERR_TOO_MANY_REDIRECTS @ https://pxl.iqm.com/i/ck/pubmatic?puid=595AAA24-699C-478D-A656-75A2F548DF90:0
[   38378ms] [ERROR] Failed to load resource: net::ERR_TOO_MANY_REDIRECTS @ https://partners.tremorhub.com/sync?UIIQ=5a2319ad-66fa-4e3d-a813-da5de62fe8db:0
[  125818ms] [ERROR] Attestation check for Shared Storage on https://www.googleadservices.com failed. @ https://www.googleadservices.com/pagead/managed/js/activeview/current/reach_worklet.html:0
[   12309ms] [ERROR] Attestation check for Shared Storage on https://www.googleadservices.com failed. @ https://www.googleadservices.com/pagead/managed/js/activeview/current/reach_worklet.html:0
[   12371ms] [ERROR] Attestation check for Shared Storage on https://www.googleadservices.com failed. @ https://www.googleadservices.com/pagead/managed/js/activeview/current/reach_worklet.html:0
[   12372ms] [ERROR] Attestation check for Shared Storage on https://www.googleadservices.com failed. @ https://www.googleadservices.com/pagead/managed/js/activeview/current/reach_worklet.html:0
[   12490ms] [ERROR] Attestation check for Shared Storage on https://www.googleadservices.com failed. @ https://www.googleadservices.com/pagead/managed/js/activeview/current/reach_worklet.html:0
[   12494ms] [ERROR] Attestation check for Shared Storage on https://www.googleadservices.com failed. @ https://www.googleadservices.com/pagead/managed/js/activeview/current/reach_worklet.html:0
[   12497ms] [ERROR] Attestation check for Shared Storage on https://www.googleadservices.com failed. @ https://www.googleadservices.com/pagead/managed/js/activeview/current/reach_worklet.html:0
[   12516ms] [ERROR] Attestation check for Shared Storage on https://www.googleadservices.com failed. @ https://www.googleadservices.com/pagead/managed/js/activeview/current/reach_worklet.html:0
[   12665ms] [ERROR] Attestation check for Shared Storage on https://www.googleadservices.com failed. @ https://www.googleadservices.com/pagead/managed/js/activeview/current/reach_worklet.html:0
[   12669ms] [ERROR] Attestation check for Shared Storage on https://www.googleadservices.com failed. @ https://www.googleadservices.com/pagead/managed/js/activeview/current/reach_worklet.html:0
[   12671ms] [ERROR] Attestation check for Shared Storage on https://www.googleadservices.com failed. @ https://www.googleadservices.com/pagead/managed/js/activeview/current/reach_worklet.html:0
[   14012ms] [ERROR] Attestation check for Shared Storage on https://www.googleadservices.com failed. @ https://www.googleadservices.com/pagead/managed/js/activeview/current/reach_worklet.html:0
[   14139ms] [ERROR] Attestation check for Shared Storage on https://www.googleadservices.com failed. @ https://www.googleadservices.com/pagead/managed/js/activeview/current/reach_worklet.html:0
[   37881ms] [ERROR] Attestation check for Shared Storage on https://www.googleadservices.com failed. @ https://www.googleadservices.com/pagead/managed/js/activeview/current/reach_worklet.html:0
[   38164ms] [ERROR] Attestation check for Shared Storage on https://www.googleadservices.com failed. @ https://www.googleadservices.com/pagead/managed/js/activeview/current/reach_worklet.html:0
[   38748ms] [ERROR] Attestation check for Shared Storage on https://www.googleadservices.com failed. @ https://www.googleadservices.com/pagead/managed/js/activeview/current/reach_worklet.html:0
[   39055ms] [ERROR] Attestation check for Shared Storage on https://www.googleadservices.com failed. @ https://www.googleadservices.com/pagead/managed/js/activeview/current/reach_worklet.html:0
[   39615ms] [ERROR] Attestation check for Shared Storage on https://www.googleadservices.com failed. @ https://www.googleadservices.com/pagead/managed/js/activeview/current/reach_worklet.html:0
[   40381ms] [ERROR] Attestation check for Shared Storage on https://www.googleadservices.com failed. @ https://www.googleadservices.com/pagead/managed/js/activeview/current/reach_worklet.html:0
[   67611ms] [ERROR] Attestation check for Shared Storage on https://www.googleadservices.com failed. @ https://www.googleadservices.com/pagead/managed/js/activeview/current/reach_worklet.html:0
[   67885ms] [ERROR] Attestation check for Shared Storage on https://www.googleadservices.com failed. @ https://www.googleadservices.com/pagead/managed/js/activeview/current/reach_worklet.html:0
[   68828ms] [ERROR] Attestation check for Shared Storage on https://www.googleadservices.com failed. @ https://www.googleadservices.com/pagead/managed/js/activeview/current/reach_worklet.html:0
[   69231ms] [ERROR] Attestation check for Shared Storage on https://www.googleadservices.com failed. @ https://www.googleadservices.com/pagead/managed/js/activeview/current/reach_worklet.html:0
[   69878ms] [ERROR] Attestation check for Shared Storage on https://www.googleadservices.com failed. @ https://www.googleadservices.com/pagead/managed/js/activeview/current/reach_worklet.html:0
[   95567ms] [ERROR] Attestation check for Shared Storage on https://www.googleadservices.com failed. @ https://www.googleadservices.com/pagead/managed/js/activeview/current/reach_worklet.html:0
[   95965ms] [ERROR] Attestation check for Shared Storage on https://www.googleadservices.com failed. @ https://www.googleadservices.com/pagead/managed/js/activeview/current/reach_worklet.html:0
[   97287ms] [ERROR] Attestation check for Shared Storage on https://www.googleadservices.com failed. @ https://www.googleadservices.com/pagead/managed/js/activeview/current/reach_worklet.html:0
[   98195ms] [ERROR] Attestation check for Shared Storage on https://www.googleadservices.com failed. @ https://www.googleadservices.com/pagead/managed/js/activeview/current/reach_worklet.html:0
[  124406ms] [ERROR] Attestation check for Shared Storage on https://www.googleadservices.com failed. @ https://www.googleadservices.com/pagead/managed/js/activeview/current/reach_worklet.html:0
[  124800ms] [ERROR] Attestation check for Shared Storage on https://www.googleadservices.com failed. @ https://www.googleadservices.com/pagead/managed/js/activeview/current/reach_worklet.html:0
[  125766ms] [ERROR] Attestation check for Shared Storage on https://www.googleadservices.com failed. @ https://www.googleadservices.com/pagead/managed/js/activeview/current/reach_worklet.html:0
[  125818ms] [ERROR] Attestation check for Shared Storage on https://www.googleadservices.com failed. @ https://www.googleadservices.com/pagead/managed/js/activeview/current/reach_worklet.html:0
[  126137ms] [ERROR] Attestation check for Shared Storage on https://www.googleadservices.com failed. @ https://www.googleadservices.com/pagead/managed/js/activeview/current/reach_worklet.html:0
[  126933ms] Failed to read a named property 'document' from 'Window': Blocked a frame with origin "https://d381188c2bc3eede4a7c5b7a6d2107d5.safeframe.googlesyndication.com" from accessing a frame with origin "https://www.looperman.com". Protocols, domains, and ports must match.
[   13628ms] [ERROR] Failed to load resource: net::ERR_NAME_NOT_RESOLVED @ https://sync.search.spotxchange.com/partner?adv_id=7025&redir=https%3A%2F%2Fcm.g.doubleclick.net%2Fpixel%3Fgoogle_nid%3Dspotxchange_dbm%26google_hm%3D%24SPOTX_BASE64_USER_ID:0
[   13628ms] [ERROR] Failed to load resource: net::ERR_NAME_NOT_RESOLVED @ https://sync.search.spotxchange.com/partner?adv_id=7025&uid=CAESELhNE3v4rdJvA-6e5V7E6Zo&google_cver=1:0
[   66532ms] [ERROR] Failed to load resource: the server responded with a status of 410 (Gone) @ https://ads.stickyadstv.com/user-matching?id=11:0
[   66543ms] [ERROR] Failed to load resource: the server responded with a status of 410 (Gone) @ https://ads.stickyadstv.com/user-registering?dataProviderId=141&userId=CAESED7CBMsuw-mLqwnRgbw6wqc&google_cver=1&gdpr=0:0
[   66597ms] [ERROR] Failed to load resource: net::ERR_NAME_NOT_RESOLVED @ https://tags.bluekai.com/site/2981?redir=https%3A%2F%2Fcm.g.doubleclick.net%2Fpixel%3Fgoogle_nid%3Dbluekai%26google_hm%3D%24_BK_UUID_B64&gdpr=0:0
[   66597ms] [ERROR] Failed to load resource: net::ERR_NAME_NOT_RESOLVED @ https://tags.bluekai.com/site/2981?id=&gdpr=0&google_gid=CAESEApDBglyoUn03S0p57PTJts&google_cver=1:0
[   67712ms] [ERROR] Failed to load resource: the server responded with a status of 410 (Gone) @ https://ads.stickyadstv.com/user-matching?id=11:0
[   67753ms] [ERROR] Failed to load resource: the server responded with a status of 410 (Gone) @ https://ads.stickyadstv.com/user-registering?dataProviderId=141&userId=CAESED7CBMsuw-mLqwnRgbw6wqc&google_cver=1:0
[   67842ms] [ERROR] Failed to load resource: net::ERR_NAME_NOT_RESOLVED @ https://tags.bluekai.com/site/2981?redir=https%3A%2F%2Fcm.g.doubleclick.net%2Fpixel%3Fgoogle_nid%3Dbluekai%26google_hm%3D%24_BK_UUID_B64:0
[   67842ms] [ERROR] Failed to load resource: net::ERR_NAME_NOT_RESOLVED @ https://tags.bluekai.com/site/2981?id=&google_gid=CAESEApDBglyoUn03S0p57PTJts&google_cver=1:0
[   68037ms] [ERROR] Failed to load resource: the server responded with a status of 410 (Gone) @ https://ads.stickyadstv.com/user-matching?id=11:0
[   68063ms] [ERROR] Failed to load resource: the server responded with a status of 410 (Gone) @ https://ads.stickyadstv.com/user-registering?dataProviderId=141&userId=CAESED7CBMsuw-mLqwnRgbw6wqc&google_cver=1&gdpr=0:0
[   68155ms] [ERROR] Failed to load resource: net::ERR_NAME_NOT_RESOLVED @ https://tags.bluekai.com/site/2981?id=&gdpr=0&google_gid=CAESEApDBglyoUn03S0p57PTJts&google_cver=1:0
[   68155ms] [ERROR] Failed to load resource: net::ERR_NAME_NOT_RESOLVED @ https://tags.bluekai.com/site/2981?redir=https%3A%2F%2Fcm.g.doubleclick.net%2Fpixel%3Fgoogle_nid%3Dbluekai%26google_hm%3D%24_BK_UUID_B64&gdpr=0:0
[   69093ms] [ERROR] Failed to load resource: net::ERR_NAME_NOT_RESOLVED @ https://x.dlx.addthis.com/e/googlegdn_sync?na_exid=CAESEOcrOXhVZHHOtBREeNMAnXc&gdpr=0&google_cver=1:0
[   69758ms] [ERROR] Failed to load resource: net::ERR_NAME_NOT_RESOLVED @ https://x.dlx.addthis.com/e/googlegdn_sync?na_exid=CAESEOcrOXhVZHHOtBREeNMAnXc&gdpr=0&google_cver=1:0
[   12309ms] [ERROR] Attestation check for Shared Storage on https://www.googleadservices.com failed. @ https://www.googleadservices.com/pagead/managed/js/activeview/current/reach_worklet.html:0
[   12371ms] [ERROR] Attestation check for Shared Storage on https://www.googleadservices.com failed. @ https://www.googleadservices.com/pagead/managed/js/activeview/current/reach_worklet.html:0
[   12372ms] [ERROR] Attestation check for Shared Storage on https://www.googleadservices.com failed. @ https://www.googleadservices.com/pagead/managed/js/activeview/current/reach_worklet.html:0
[   12490ms] [ERROR] Attestation check for Shared Storage on https://www.googleadservices.com failed. @ https://www.googleadservices.com/pagead/managed/js/activeview/current/reach_worklet.html:0
[   12494ms] [ERROR] Attestation check for Shared Storage on https://www.googleadservices.com failed. @ https://www.googleadservices.com/pagead/managed/js/activeview/current/reach_worklet.html:0
[   12497ms] [ERROR] Attestation check for Shared Storage on https://www.googleadservices.com failed. @ https://www.googleadservices.com/pagead/managed/js/activeview/current/reach_worklet.html:0
[   12516ms] [ERROR] Attestation check for Shared Storage on https://www.googleadservices.com failed. @ https://www.googleadservices.com/pagead/managed/js/activeview/current/reach_worklet.html:0
[   12665ms] [ERROR] Attestation check for Shared Storage on https://www.googleadservices.com failed. @ https://www.googleadservices.com/pagead/managed/js/activeview/current/reach_worklet.html:0
[   12669ms] [ERROR] Attestation check for Shared Storage on https://www.googleadservices.com failed. @ https://www.googleadservices.com/pagead/managed/js/activeview/current/reach_worklet.html:0
[   12671ms] [ERROR] Attestation check for Shared Storage on https://www.googleadservices.com failed. @ https://www.googleadservices.com/pagead/managed/js/activeview/current/reach_worklet.html:0
[   14012ms] [ERROR] Attestation check for Shared Storage on https://www.googleadservices.com failed. @ https://www.googleadservices.com/pagead/managed/js/activeview/current/reach_worklet.html:0
[   14139ms] [ERROR] Attestation check for Shared Storage on https://www.googleadservices.com failed. @ https://www.googleadservices.com/pagead/managed/js/activeview/current/reach_worklet.html:0
[   37881ms] [ERROR] Attestation check for Shared Storage on https://www.googleadservices.com failed. @ https://www.googleadservices.com/pagead/managed/js/activeview/current/reach_worklet.html:0
[   38164ms] [ERROR] Attestation check for Shared Storage on https://www.googleadservices.com failed. @ https://www.googleadservices.com/pagead/managed/js/activeview/current/reach_worklet.html:0
[   38748ms] [ERROR] Attestation check for Shared Storage on https://www.googleadservices.com failed. @ https://www.googleadservices.com/pagead/managed/js/activeview/current/reach_worklet.html:0
[   39055ms] [ERROR] Attestation check for Shared Storage on https://www.googleadservices.com failed. @ https://www.googleadservices.com/pagead/managed/js/activeview/current/reach_worklet.html:0
[   39615ms] [ERROR] Attestation check for Shared Storage on https://www.googleadservices.com failed. @ https://www.googleadservices.com/pagead/managed/js/activeview/current/reach_worklet.html:0
[   40381ms] [ERROR] Attestation check for Shared Storage on https://www.googleadservices.com failed. @ https://www.googleadservices.com/pagead/managed/js/activeview/current/reach_worklet.html:0
[   67611ms] [ERROR] Attestation check for Shared Storage on https://www.googleadservices.com failed. @ https://www.googleadservices.com/pagead/managed/js/activeview/current/reach_worklet.html:0
[   67885ms] [ERROR] Attestation check for Shared Storage on https://www.googleadservices.com failed. @ https://www.googleadservices.com/pagead/managed/js/activeview/current/reach_worklet.html:0
[   68828ms] [ERROR] Attestation check for Shared Storage on https://www.googleadservices.com failed. @ https://www.googleadservices.com/pagead/managed/js/activeview/current/reach_worklet.html:0
[   69231ms] [ERROR] Attestation check for Shared Storage on https://www.googleadservices.com failed. @ https://www.googleadservices.com/pagead/managed/js/activeview/current/reach_worklet.html:0
[   69878ms] [ERROR] Attestation check for Shared Storage on https://www.googleadservices.com failed. @ https://www.googleadservices.com/pagead/managed/js/activeview/current/reach_worklet.html:0
[   95567ms] [ERROR] Attestation check for Shared Storage on https://www.googleadservices.com failed. @ https://www.googleadservices.com/pagead/managed/js/activeview/current/reach_worklet.html:0
[   95965ms] [ERROR] Attestation check for Shared Storage on https://www.googleadservices.com failed. @ https://www.googleadservices.com/pagead/managed/js/activeview/current/reach_worklet.html:0
[   97287ms] [ERROR] Attestation check for Shared Storage on https://www.googleadservices.com failed. @ https://www.googleadservices.com/pagead/managed/js/activeview/current/reach_worklet.html:0
[   98195ms] [ERROR] Attestation check for Shared Storage on https://www.googleadservices.com failed. @ https://www.googleadservices.com/pagead/managed/js/activeview/current/reach_worklet.html:0
[  124406ms] [ERROR] Attestation check for Shared Storage on https://www.googleadservices.com failed. @ https://www.googleadservices.com/pagead/managed/js/activeview/current/reach_worklet.html:0
[  124800ms] [ERROR] Attestation check for Shared Storage on https://www.googleadservices.com failed. @ https://www.googleadservices.com/pagead/managed/js/activeview/current/reach_worklet.html:0
[  125766ms] [ERROR] Attestation check for Shared Storage on https://www.googleadservices.com failed. @ https://www.googleadservices.com/pagead/managed/js/activeview/current/reach_worklet.html:0
[  125818ms] [ERROR] Attestation check for Shared Storage on https://www.googleadservices.com failed. @ https://www.googleadservices.com/pagead/managed/js/activeview/current/reach_worklet.html:0
[  126137ms] [ERROR] Attestation check for Shared Storage on https://www.googleadservices.com failed. @ https://www.googleadservices.com/pagead/managed/js/activeview/current/reach_worklet.html:0
[  126839ms] [ERROR] Failed to load resource: net::ERR_NAME_NOT_RESOLVED @ https://s.thebrighttag.com/cs?tp=gcms&google_gid=CAESEJv0yos9hQgWf2KhpO77beE&google_cver=1:0
[  126872ms] [ERROR] Attestation check for Shared Storage on https://www.googleadservices.com failed. @ https://www.googleadservices.com/pagead/managed/js/activeview/current/reach_worklet.html:0
[   12309ms] [ERROR] Attestation check for Shared Storage on https://www.googleadservices.com failed. @ https://www.googleadservices.com/pagead/managed/js/activeview/current/reach_worklet.html:0
[   12371ms] [ERROR] Attestation check for Shared Storage on https://www.googleadservices.com failed. @ https://www.googleadservices.com/pagead/managed/js/activeview/current/reach_worklet.html:0
[   12372ms] [ERROR] Attestation check for Shared Storage on https://www.googleadservices.com failed. @ https://www.googleadservices.com/pagead/managed/js/activeview/current/reach_worklet.html:0
[   12490ms] [ERROR] Attestation check for Shared Storage on https://www.googleadservices.com failed. @ https://www.googleadservices.com/pagead/managed/js/activeview/current/reach_worklet.html:0
[   12494ms] [ERROR] Attestation check for Shared Storage on https://www.googleadservices.com failed. @ https://www.googleadservices.com/pagead/managed/js/activeview/current/reach_worklet.html:0
[   12497ms] [ERROR] Attestation check for Shared Storage on https://www.googleadservices.com failed. @ https://www.googleadservices.com/pagead/managed/js/activeview/current/reach_worklet.html:0
[   12516ms] [ERROR] Attestation check for Shared Storage on https://www.googleadservices.com failed. @ https://www.googleadservices.com/pagead/managed/js/activeview/current/reach_worklet.html:0
[   12665ms] [ERROR] Attestation check for Shared Storage on https://www.googleadservices.com failed. @ https://www.googleadservices.com/pagead/managed/js/activeview/current/reach_worklet.html:0
[   12669ms] [ERROR] Attestation check for Shared Storage on https://www.googleadservices.com failed. @ https://www.googleadservices.com/pagead/managed/js/activeview/current/reach_worklet.html:0
[   12671ms] [ERROR] Attestation check for Shared Storage on https://www.googleadservices.com failed. @ https://www.googleadservices.com/pagead/managed/js/activeview/current/reach_worklet.html:0
[   14012ms] [ERROR] Attestation check for Shared Storage on https://www.googleadservices.com failed. @ https://www.googleadservices.com/pagead/managed/js/activeview/current/reach_worklet.html:0
[   14139ms] [ERROR] Attestation check for Shared Storage on https://www.googleadservices.com failed. @ https://www.googleadservices.com/pagead/managed/js/activeview/current/reach_worklet.html:0
[   37881ms] [ERROR] Attestation check for Shared Storage on https://www.googleadservices.com failed. @ https://www.googleadservices.com/pagead/managed/js/activeview/current/reach_worklet.html:0
[   38164ms] [ERROR] Attestation check for Shared Storage on https://www.googleadservices.com failed. @ https://www.googleadservices.com/pagead/managed/js/activeview/current/reach_worklet.html:0
[   38748ms] [ERROR] Attestation check for Shared Storage on https://www.googleadservices.com failed. @ https://www.googleadservices.com/pagead/managed/js/activeview/current/reach_worklet.html:0
[   39055ms] [ERROR] Attestation check for Shared Storage on https://www.googleadservices.com failed. @ https://www.googleadservices.com/pagead/managed/js/activeview/current/reach_worklet.html:0
[   39615ms] [ERROR] Attestation check for Shared Storage on https://www.googleadservices.com failed. @ https://www.googleadservices.com/pagead/managed/js/activeview/current/reach_worklet.html:0
[   40381ms] [ERROR] Attestation check for Shared Storage on https://www.googleadservices.com failed. @ https://www.googleadservices.com/pagead/managed/js/activeview/current/reach_worklet.html:0
[   67611ms] [ERROR] Attestation check for Shared Storage on https://www.googleadservices.com failed. @ https://www.googleadservices.com/pagead/managed/js/activeview/current/reach_worklet.html:0
[   67885ms] [ERROR] Attestation check for Shared Storage on https://www.googleadservices.com failed. @ https://www.googleadservices.com/pagead/managed/js/activeview/current/reach_worklet.html:0
[   68828ms] [ERROR] Attestation check for Shared Storage on https://www.googleadservices.com failed. @ https://www.googleadservices.com/pagead/managed/js/activeview/current/reach_worklet.html:0
[   69231ms] [ERROR] Attestation check for Shared Storage on https://www.googleadservices.com failed. @ https://www.googleadservices.com/pagead/managed/js/activeview/current/reach_worklet.html:0
[   69878ms] [ERROR] Attestation check for Shared Storage on https://www.googleadservices.com failed. @ https://www.googleadservices.com/pagead/managed/js/activeview/current/reach_worklet.html:0
[   95567ms] [ERROR] Attestation check for Shared Storage on https://www.googleadservices.com failed. @ https://www.googleadservices.com/pagead/managed/js/activeview/current/reach_worklet.html:0
[   95965ms] [ERROR] Attestation check for Shared Storage on https://www.googleadservices.com failed. @ https://www.googleadservices.com/pagead/managed/js/activeview/current/reach_worklet.html:0
[   97287ms] [ERROR] Attestation check for Shared Storage on https://www.googleadservices.com failed. @ https://www.googleadservices.com/pagead/managed/js/activeview/current/reach_worklet.html:0
[   98195ms] [ERROR] Attestation check for Shared Storage on https://www.googleadservices.com failed. @ https://www.googleadservices.com/pagead/managed/js/activeview/current/reach_worklet.html:0
[  124406ms] [ERROR] Attestation check for Shared Storage on https://www.googleadservices.com failed. @ https://www.googleadservices.com/pagead/managed/js/activeview/current/reach_worklet.html:0
[  124800ms] [ERROR] Attestation check for Shared Storage on https://www.googleadservices.com failed. @ https://www.googleadservices.com/pagead/managed/js/activeview/current/reach_worklet.html:0
[  125766ms] [ERROR] Attestation check for Shared Storage on https://www.googleadservices.com failed. @ https://www.googleadservices.com/pagead/managed/js/activeview/current/reach_worklet.html:0
[  125818ms] [ERROR] Attestation check for Shared Storage on https://www.googleadservices.com failed. @ https://www.googleadservices.com/pagead/managed/js/activeview/current/reach_worklet.html:0
[  126137ms] [ERROR] Attestation check for Shared Storage on https://www.googleadservices.com failed. @ https://www.googleadservices.com/pagead/managed/js/activeview/current/reach_worklet.html:0
[  126872ms] [ERROR] Attestation check for Shared Storage on https://www.googleadservices.com failed. @ https://www.googleadservices.com/pagead/managed/js/activeview/current/reach_worklet.html:0
[  126971ms] [ERROR] Attestation check for Shared Storage on https://www.googleadservices.com failed. @ https://www.googleadservices.com/pagead/managed/js/activeview/current/reach_worklet.html:0
[  127117ms] [WARNING] The resource https://d.pub.network/v2/sites/looperman-com/configs?env=PROD was preloaded using link preload but not used within a few seconds from the window's load event. Please make sure it has an appropriate `as` value and it is preloaded intentionally. @ https://www.looperman.com/loops?page=1&cid=20&gid=19&ftempo=130&ttempo=130:0
[  127117ms] [WARNING] The resource https://www.looperman.com/assets-v3/icons/fonts/looperman-icon.ttf?v=6.1.19 was preloaded using link preload but not used within a few seconds from the window's load event. Please make sure it has an appropriate `as` value and it is preloaded intentionally. @ https://www.looperman.com/loops?page=1&cid=20&gid=19&ftempo=130&ttempo=130:0
[  127768ms] Failed to read a named property 'addEventListener' from 'Window': Blocked a frame with origin "https://d381188c2bc3eede4a7c5b7a6d2107d5.safeframe.googlesyndication.com" from accessing a cross-origin frame.
[  127783ms] Failed to read a named property 'document' from 'Window': Blocked a frame with origin "https://d381188c2bc3eede4a7c5b7a6d2107d5.safeframe.googlesyndication.com" from accessing a frame with origin "https://www.looperman.com". Protocols, domains, and ports must match.
[  135206ms] [WARNING] The resource https://d.pub.network/v2/sites/looperman-com/configs?env=PROD was preloaded using link preload but not used within a few seconds from the window's load event. Please make sure it has an appropriate `as` value and it is preloaded intentionally. @ https://www.looperman.com/loops?page=1&cid=20&gid=19&ftempo=130&ttempo=130:0
[  135206ms] [WARNING] The resource https://www.looperman.com/assets-v3/icons/fonts/looperman-icon.ttf?v=6.1.19 was preloaded using link preload but not used within a few seconds from the window's load event. Please make sure it has an appropriate `as` value and it is preloaded intentionally. @ https://www.looperman.com/loops?page=1&cid=20&gid=19&ftempo=130&ttempo=130:0
[  141795ms] [WARNING] The resource https://d.pub.network/v2/sites/looperman-com/configs?env=PROD was preloaded using link preload but not used within a few seconds from the window's load event. Please make sure it has an appropriate `as` value and it is preloaded intentionally. @ https://www.looperman.com/loops?page=1&cid=20&gid=19&ftempo=130&ttempo=130:0
[  141795ms] [WARNING] The resource https://www.looperman.com/assets-v3/icons/fonts/looperman-icon.ttf?v=6.1.19 was preloaded using link preload but not used within a few seconds from the window's load event. Please make sure it has an appropriate `as` value and it is preloaded intentionally. @ https://www.looperman.com/loops?page=1&cid=20&gid=19&ftempo=130&ttempo=130:0
[  152723ms] [WARNING] The resource https://d.pub.network/v2/sites/looperman-com/configs?env=PROD was preloaded using link preload but not used within a few seconds from the window's load event. Please make sure it has an appropriate `as` value and it is preloaded intentionally. @ https://www.looperman.com/loops?page=1&cid=20&gid=19&ftempo=130&ttempo=130:0
[  152723ms] [WARNING] The resource https://www.looperman.com/assets-v3/icons/fonts/looperman-icon.ttf?v=6.1.19 was preloaded using link preload but not used within a few seconds from the window's load event. Please make sure it has an appropriate `as` value and it is preloaded intentionally. @ https://www.looperman.com/loops?page=1&cid=20&gid=19&ftempo=130&ttempo=130:0
[   13628ms] [ERROR] Failed to load resource: net::ERR_NAME_NOT_RESOLVED @ https://sync.search.spotxchange.com/partner?adv_id=7025&redir=https%3A%2F%2Fcm.g.doubleclick.net%2Fpixel%3Fgoogle_nid%3Dspotxchange_dbm%26google_hm%3D%24SPOTX_BASE64_USER_ID:0
[   13628ms] [ERROR] Failed to load resource: net::ERR_NAME_NOT_RESOLVED @ https://sync.search.spotxchange.com/partner?adv_id=7025&uid=CAESELhNE3v4rdJvA-6e5V7E6Zo&google_cver=1:0
[   66532ms] [ERROR] Failed to load resource: the server responded with a status of 410 (Gone) @ https://ads.stickyadstv.com/user-matching?id=11:0
[   66543ms] [ERROR] Failed to load resource: the server responded with a status of 410 (Gone) @ https://ads.stickyadstv.com/user-registering?dataProviderId=141&userId=CAESED7CBMsuw-mLqwnRgbw6wqc&google_cver=1&gdpr=0:0
[   66597ms] [ERROR] Failed to load resource: net::ERR_NAME_NOT_RESOLVED @ https://tags.bluekai.com/site/2981?redir=https%3A%2F%2Fcm.g.doubleclick.net%2Fpixel%3Fgoogle_nid%3Dbluekai%26google_hm%3D%24_BK_UUID_B64&gdpr=0:0
[   66597ms] [ERROR] Failed to load resource: net::ERR_NAME_NOT_RESOLVED @ https://tags.bluekai.com/site/2981?id=&gdpr=0&google_gid=CAESEApDBglyoUn03S0p57PTJts&google_cver=1:0
[   67712ms] [ERROR] Failed to load resource: the server responded with a status of 410 (Gone) @ https://ads.stickyadstv.com/user-matching?id=11:0
[   67753ms] [ERROR] Failed to load resource: the server responded with a status of 410 (Gone) @ https://ads.stickyadstv.com/user-registering?dataProviderId=141&userId=CAESED7CBMsuw-mLqwnRgbw6wqc&google_cver=1:0
[   67842ms] [ERROR] Failed to load resource: net::ERR_NAME_NOT_RESOLVED @ https://tags.bluekai.com/site/2981?redir=https%3A%2F%2Fcm.g.doubleclick.net%2Fpixel%3Fgoogle_nid%3Dbluekai%26google_hm%3D%24_BK_UUID_B64:0
[   67842ms] [ERROR] Failed to load resource: net::ERR_NAME_NOT_RESOLVED @ https://tags.bluekai.com/site/2981?id=&google_gid=CAESEApDBglyoUn03S0p57PTJts&google_cver=1:0
[   68037ms] [ERROR] Failed to load resource: the server responded with a status of 410 (Gone) @ https://ads.stickyadstv.com/user-matching?id=11:0
[   68063ms] [ERROR] Failed to load resource: the server responded with a status of 410 (Gone) @ https://ads.stickyadstv.com/user-registering?dataProviderId=141&userId=CAESED7CBMsuw-mLqwnRgbw6wqc&google_cver=1&gdpr=0:0
[   68155ms] [ERROR] Failed to load resource: net::ERR_NAME_NOT_RESOLVED @ https://tags.bluekai.com/site/2981?id=&gdpr=0&google_gid=CAESEApDBglyoUn03S0p57PTJts&google_cver=1:0
[   68155ms] [ERROR] Failed to load resource: net::ERR_NAME_NOT_RESOLVED @ https://tags.bluekai.com/site/2981?redir=https%3A%2F%2Fcm.g.doubleclick.net%2Fpixel%3Fgoogle_nid%3Dbluekai%26google_hm%3D%24_BK_UUID_B64&gdpr=0:0
[   69093ms] [ERROR] Failed to load resource: net::ERR_NAME_NOT_RESOLVED @ https://x.dlx.addthis.com/e/googlegdn_sync?na_exid=CAESEOcrOXhVZHHOtBREeNMAnXc&gdpr=0&google_cver=1:0
[   69758ms] [ERROR] Failed to load resource: net::ERR_NAME_NOT_RESOLVED @ https://x.dlx.addthis.com/e/googlegdn_sync?na_exid=CAESEOcrOXhVZHHOtBREeNMAnXc&gdpr=0&google_cver=1:0
[  126839ms] [ERROR] Failed to load resource: net::ERR_NAME_NOT_RESOLVED @ https://s.thebrighttag.com/cs?tp=gcms&google_gid=CAESEJv0yos9hQgWf2KhpO77beE&google_cver=1:0
[   38057ms] [ERROR] Failed to load resource: net::ERR_NAME_NOT_RESOLVED @ https://cs.lkqd.net/cs?partnerId=109&partnerUserId=be66582b4a&gdpr=0&gdpr_consent=:0
[   38378ms] [ERROR] Failed to load resource: net::ERR_TOO_MANY_REDIRECTS @ https://pxl.iqm.com/i/ck/pubmatic?puid=595AAA24-699C-478D-A656-75A2F548DF90:0
[   38378ms] [ERROR] Failed to load resource: net::ERR_TOO_MANY_REDIRECTS @ https://partners.tremorhub.com/sync?UIIQ=5a2319ad-66fa-4e3d-a813-da5de62fe8db:0
[   12309ms] [ERROR] Attestation check for Shared Storage on https://www.googleadservices.com failed. @ https://www.googleadservices.com/pagead/managed/js/activeview/current/reach_worklet.html:0
[   12371ms] [ERROR] Attestation check for Shared Storage on https://www.googleadservices.com failed. @ https://www.googleadservices.com/pagead/managed/js/activeview/current/reach_worklet.html:0
[   12372ms] [ERROR] Attestation check for Shared Storage on https://www.googleadservices.com failed. @ https://www.googleadservices.com/pagead/managed/js/activeview/current/reach_worklet.html:0
[   12490ms] [ERROR] Attestation check for Shared Storage on https://www.googleadservices.com failed. @ https://www.googleadservices.com/pagead/managed/js/activeview/current/reach_worklet.html:0
[   12494ms] [ERROR] Attestation check for Shared Storage on https://www.googleadservices.com failed. @ https://www.googleadservices.com/pagead/managed/js/activeview/current/reach_worklet.html:0
[   12497ms] [ERROR] Attestation check for Shared Storage on https://www.googleadservices.com failed. @ https://www.googleadservices.com/pagead/managed/js/activeview/current/reach_worklet.html:0
[   12516ms] [ERROR] Attestation check for Shared Storage on https://www.googleadservices.com failed. @ https://www.googleadservices.com/pagead/managed/js/activeview/current/reach_worklet.html:0
[   12665ms] [ERROR] Attestation check for Shared Storage on https://www.googleadservices.com failed. @ https://www.googleadservices.com/pagead/managed/js/activeview/current/reach_worklet.html:0
[   12669ms] [ERROR] Attestation check for Shared Storage on https://www.googleadservices.com failed. @ https://www.googleadservices.com/pagead/managed/js/activeview/current/reach_worklet.html:0
[   12671ms] [ERROR] Attestation check for Shared Storage on https://www.googleadservices.com failed. @ https://www.googleadservices.com/pagead/managed/js/activeview/current/reach_worklet.html:0
[   14012ms] [ERROR] Attestation check for Shared Storage on https://www.googleadservices.com failed. @ https://www.googleadservices.com/pagead/managed/js/activeview/current/reach_worklet.html:0
[   14139ms] [ERROR] Attestation check for Shared Storage on https://www.googleadservices.com failed. @ https://www.googleadservices.com/pagead/managed/js/activeview/current/reach_worklet.html:0
[   37881ms] [ERROR] Attestation check for Shared Storage on https://www.googleadservices.com failed. @ https://www.googleadservices.com/pagead/managed/js/activeview/current/reach_worklet.html:0
[   38164ms] [ERROR] Attestation check for Shared Storage on https://www.googleadservices.com failed. @ https://www.googleadservices.com/pagead/managed/js/activeview/current/reach_worklet.html:0
[   38748ms] [ERROR] Attestation check for Shared Storage on https://www.googleadservices.com failed. @ https://www.googleadservices.com/pagead/managed/js/activeview/current/reach_worklet.html:0
[   39055ms] [ERROR] Attestation check for Shared Storage on https://www.googleadservices.com failed. @ https://www.googleadservices.com/pagead/managed/js/activeview/current/reach_worklet.html:0
[   39615ms] [ERROR] Attestation check for Shared Storage on https://www.googleadservices.com failed. @ https://www.googleadservices.com/pagead/managed/js/activeview/current/reach_worklet.html:0
[   40381ms] [ERROR] Attestation check for Shared Storage on https://www.googleadservices.com failed. @ https://www.googleadservices.com/pagead/managed/js/activeview/current/reach_worklet.html:0
[   67611ms] [ERROR] Attestation check for Shared Storage on https://www.googleadservices.com failed. @ https://www.googleadservices.com/pagead/managed/js/activeview/current/reach_worklet.html:0
[   67885ms] [ERROR] Attestation check for Shared Storage on https://www.googleadservices.com failed. @ https://www.googleadservices.com/pagead/managed/js/activeview/current/reach_worklet.html:0
[   68828ms] [ERROR] Attestation check for Shared Storage on https://www.googleadservices.com failed. @ https://www.googleadservices.com/pagead/managed/js/activeview/current/reach_worklet.html:0
[   69231ms] [ERROR] Attestation check for Shared Storage on https://www.googleadservices.com failed. @ https://www.googleadservices.com/pagead/managed/js/activeview/current/reach_worklet.html:0
[   69878ms] [ERROR] Attestation check for Shared Storage on https://www.googleadservices.com failed. @ https://www.googleadservices.com/pagead/managed/js/activeview/current/reach_worklet.html:0
[   95567ms] [ERROR] Attestation check for Shared Storage on https://www.googleadservices.com failed. @ https://www.googleadservices.com/pagead/managed/js/activeview/current/reach_worklet.html:0
[   95965ms] [ERROR] Attestation check for Shared Storage on https://www.googleadservices.com failed. @ https://www.googleadservices.com/pagead/managed/js/activeview/current/reach_worklet.html:0
[   97287ms] [ERROR] Attestation check for Shared Storage on https://www.googleadservices.com failed. @ https://www.googleadservices.com/pagead/managed/js/activeview/current/reach_worklet.html:0
[   98195ms] [ERROR] Attestation check for Shared Storage on https://www.googleadservices.com failed. @ https://www.googleadservices.com/pagead/managed/js/activeview/current/reach_worklet.html:0
[  124406ms] [ERROR] Attestation check for Shared Storage on https://www.googleadservices.com failed. @ https://www.googleadservices.com/pagead/managed/js/activeview/current/reach_worklet.html:0
[  124800ms] [ERROR] Attestation check for Shared Storage on https://www.googleadservices.com failed. @ https://www.googleadservices.com/pagead/managed/js/activeview/current/reach_worklet.html:0
[  125766ms] [ERROR] Attestation check for Shared Storage on https://www.googleadservices.com failed. @ https://www.googleadservices.com/pagead/managed/js/activeview/current/reach_worklet.html:0
[  125818ms] [ERROR] Attestation check for Shared Storage on https://www.googleadservices.com failed. @ https://www.googleadservices.com/pagead/managed/js/activeview/current/reach_worklet.html:0
[  126137ms] [ERROR] Attestation check for Shared Storage on https://www.googleadservices.com failed. @ https://www.googleadservices.com/pagead/managed/js/activeview/current/reach_worklet.html:0
[  126872ms] [ERROR] Attestation check for Shared Storage on https://www.googleadservices.com failed. @ https://www.googleadservices.com/pagead/managed/js/activeview/current/reach_worklet.html:0
[  126971ms] [ERROR] Attestation check for Shared Storage on https://www.googleadservices.com failed. @ https://www.googleadservices.com/pagead/managed/js/activeview/current/reach_worklet.html:0
[  154527ms] [ERROR] Attestation check for Shared Storage on https://www.googleadservices.com failed. @ https://www.googleadservices.com/pagead/managed/js/activeview/current/reach_worklet.html:0
[   13628ms] [ERROR] Failed to load resource: net::ERR_NAME_NOT_RESOLVED @ https://sync.search.spotxchange.com/partner?adv_id=7025&redir=https%3A%2F%2Fcm.g.doubleclick.net%2Fpixel%3Fgoogle_nid%3Dspotxchange_dbm%26google_hm%3D%24SPOTX_BASE64_USER_ID:0
[   13628ms] [ERROR] Failed to load resource: net::ERR_NAME_NOT_RESOLVED @ https://sync.search.spotxchange.com/partner?adv_id=7025&uid=CAESELhNE3v4rdJvA-6e5V7E6Zo&google_cver=1:0
[   66532ms] [ERROR] Failed to load resource: the server responded with a status of 410 (Gone) @ https://ads.stickyadstv.com/user-matching?id=11:0
[   66543ms] [ERROR] Failed to load resource: the server responded with a status of 410 (Gone) @ https://ads.stickyadstv.com/user-registering?dataProviderId=141&userId=CAESED7CBMsuw-mLqwnRgbw6wqc&google_cver=1&gdpr=0:0
[   66597ms] [ERROR] Failed to load resource: net::ERR_NAME_NOT_RESOLVED @ https://tags.bluekai.com/site/2981?redir=https%3A%2F%2Fcm.g.doubleclick.net%2Fpixel%3Fgoogle_nid%3Dbluekai%26google_hm%3D%24_BK_UUID_B64&gdpr=0:0
[   66597ms] [ERROR] Failed to load resource: net::ERR_NAME_NOT_RESOLVED @ https://tags.bluekai.com/site/2981?id=&gdpr=0&google_gid=CAESEApDBglyoUn03S0p57PTJts&google_cver=1:0
[   67712ms] [ERROR] Failed to load resource: the server responded with a status of 410 (Gone) @ https://ads.stickyadstv.com/user-matching?id=11:0
[   67753ms] [ERROR] Failed to load resource: the server responded with a status of 410 (Gone) @ https://ads.stickyadstv.com/user-registering?dataProviderId=141&userId=CAESED7CBMsuw-mLqwnRgbw6wqc&google_cver=1:0
[   67842ms] [ERROR] Failed to load resource: net::ERR_NAME_NOT_RESOLVED @ https://tags.bluekai.com/site/2981?redir=https%3A%2F%2Fcm.g.doubleclick.net%2Fpixel%3Fgoogle_nid%3Dbluekai%26google_hm%3D%24_BK_UUID_B64:0
[   67842ms] [ERROR] Failed to load resource: net::ERR_NAME_NOT_RESOLVED @ https://tags.bluekai.com/site/2981?id=&google_gid=CAESEApDBglyoUn03S0p57PTJts&google_cver=1:0
[   68037ms] [ERROR] Failed to load resource: the server responded with a status of 410 (Gone) @ https://ads.stickyadstv.com/user-matching?id=11:0
[   68063ms] [ERROR] Failed to load resource: the server responded with a status of 410 (Gone) @ https://ads.stickyadstv.com/user-registering?dataProviderId=141&userId=CAESED7CBMsuw-mLqwnRgbw6wqc&google_cver=1&gdpr=0:0
[   68155ms] [ERROR] Failed to load resource: net::ERR_NAME_NOT_RESOLVED @ https://tags.bluekai.com/site/2981?id=&gdpr=0&google_gid=CAESEApDBglyoUn03S0p57PTJts&google_cver=1:0
[   68155ms] [ERROR] Failed to load resource: net::ERR_NAME_NOT_RESOLVED @ https://tags.bluekai.com/site/2981?redir=https%3A%2F%2Fcm.g.doubleclick.net%2Fpixel%3Fgoogle_nid%3Dbluekai%26google_hm%3D%24_BK_UUID_B64&gdpr=0:0
[   69093ms] [ERROR] Failed to load resource: net::ERR_NAME_NOT_RESOLVED @ https://x.dlx.addthis.com/e/googlegdn_sync?na_exid=CAESEOcrOXhVZHHOtBREeNMAnXc&gdpr=0&google_cver=1:0
[   69758ms] [ERROR] Failed to load resource: net::ERR_NAME_NOT_RESOLVED @ https://x.dlx.addthis.com/e/googlegdn_sync?na_exid=CAESEOcrOXhVZHHOtBREeNMAnXc&gdpr=0&google_cver=1:0
[  126839ms] [ERROR] Failed to load resource: net::ERR_NAME_NOT_RESOLVED @ https://s.thebrighttag.com/cs?tp=gcms&google_gid=CAESEJv0yos9hQgWf2KhpO77beE&google_cver=1:0
[   13628ms] [ERROR] Failed to load resource: net::ERR_NAME_NOT_RESOLVED @ https://sync.search.spotxchange.com/partner?adv_id=7025&redir=https%3A%2F%2Fcm.g.doubleclick.net%2Fpixel%3Fgoogle_nid%3Dspotxchange_dbm%26google_hm%3D%24SPOTX_BASE64_USER_ID:0
[   13628ms] [ERROR] Failed to load resource: net::ERR_NAME_NOT_RESOLVED @ https://sync.search.spotxchange.com/partner?adv_id=7025&uid=CAESELhNE3v4rdJvA-6e5V7E6Zo&google_cver=1:0
[   66532ms] [ERROR] Failed to load resource: the server responded with a status of 410 (Gone) @ https://ads.stickyadstv.com/user-matching?id=11:0
[   66543ms] [ERROR] Failed to load resource: the server responded with a status of 410 (Gone) @ https://ads.stickyadstv.com/user-registering?dataProviderId=141&userId=CAESED7CBMsuw-mLqwnRgbw6wqc&google_cver=1&gdpr=0:0
[   66597ms] [ERROR] Failed to load resource: net::ERR_NAME_NOT_RESOLVED @ https://tags.bluekai.com/site/2981?redir=https%3A%2F%2Fcm.g.doubleclick.net%2Fpixel%3Fgoogle_nid%3Dbluekai%26google_hm%3D%24_BK_UUID_B64&gdpr=0:0
[   66597ms] [ERROR] Failed to load resource: net::ERR_NAME_NOT_RESOLVED @ https://tags.bluekai.com/site/2981?id=&gdpr=0&google_gid=CAESEApDBglyoUn03S0p57PTJts&google_cver=1:0
[   67712ms] [ERROR] Failed to load resource: the server responded with a status of 410 (Gone) @ https://ads.stickyadstv.com/user-matching?id=11:0
[   67753ms] [ERROR] Failed to load resource: the server responded with a status of 410 (Gone) @ https://ads.stickyadstv.com/user-registering?dataProviderId=141&userId=CAESED7CBMsuw-mLqwnRgbw6wqc&google_cver=1:0
[   67842ms] [ERROR] Failed to load resource: net::ERR_NAME_NOT_RESOLVED @ https://tags.bluekai.com/site/2981?redir=https%3A%2F%2Fcm.g.doubleclick.net%2Fpixel%3Fgoogle_nid%3Dbluekai%26google_hm%3D%24_BK_UUID_B64:0
[   67842ms] [ERROR] Failed to load resource: net::ERR_NAME_NOT_RESOLVED @ https://tags.bluekai.com/site/2981?id=&google_gid=CAESEApDBglyoUn03S0p57PTJts&google_cver=1:0
[   68037ms] [ERROR] Failed to load resource: the server responded with a status of 410 (Gone) @ https://ads.stickyadstv.com/user-matching?id=11:0
[   68063ms] [ERROR] Failed to load resource: the server responded with a status of 410 (Gone) @ https://ads.stickyadstv.com/user-registering?dataProviderId=141&userId=CAESED7CBMsuw-mLqwnRgbw6wqc&google_cver=1&gdpr=0:0
[   68155ms] [ERROR] Failed to load resource: net::ERR_NAME_NOT_RESOLVED @ https://tags.bluekai.com/site/2981?id=&gdpr=0&google_gid=CAESEApDBglyoUn03S0p57PTJts&google_cver=1:0
[   68155ms] [ERROR] Failed to load resource: net::ERR_NAME_NOT_RESOLVED @ https://tags.bluekai.com/site/2981?redir=https%3A%2F%2Fcm.g.doubleclick.net%2Fpixel%3Fgoogle_nid%3Dbluekai%26google_hm%3D%24_BK_UUID_B64&gdpr=0:0
[   69093ms] [ERROR] Failed to load resource: net::ERR_NAME_NOT_RESOLVED @ https://x.dlx.addthis.com/e/googlegdn_sync?na_exid=CAESEOcrOXhVZHHOtBREeNMAnXc&gdpr=0&google_cver=1:0
[   69758ms] [ERROR] Failed to load resource: net::ERR_NAME_NOT_RESOLVED @ https://x.dlx.addthis.com/e/googlegdn_sync?na_exid=CAESEOcrOXhVZHHOtBREeNMAnXc&gdpr=0&google_cver=1:0
[  126839ms] [ERROR] Failed to load resource: net::ERR_NAME_NOT_RESOLVED @ https://s.thebrighttag.com/cs?tp=gcms&google_gid=CAESEJv0yos9hQgWf2KhpO77beE&google_cver=1:0
[   12309ms] [ERROR] Attestation check for Shared Storage on https://www.googleadservices.com failed. @ https://www.googleadservices.com/pagead/managed/js/activeview/current/reach_worklet.html:0
[   12371ms] [ERROR] Attestation check for Shared Storage on https://www.googleadservices.com failed. @ https://www.googleadservices.com/pagead/managed/js/activeview/current/reach_worklet.html:0
[   12372ms] [ERROR] Attestation check for Shared Storage on https://www.googleadservices.com failed. @ https://www.googleadservices.com/pagead/managed/js/activeview/current/reach_worklet.html:0
[   12490ms] [ERROR] Attestation check for Shared Storage on https://www.googleadservices.com failed. @ https://www.googleadservices.com/pagead/managed/js/activeview/current/reach_worklet.html:0
[   12494ms] [ERROR] Attestation check for Shared Storage on https://www.googleadservices.com failed. @ https://www.googleadservices.com/pagead/managed/js/activeview/current/reach_worklet.html:0
[   12497ms] [ERROR] Attestation check for Shared Storage on https://www.googleadservices.com failed. @ https://www.googleadservices.com/pagead/managed/js/activeview/current/reach_worklet.html:0
[   12516ms] [ERROR] Attestation check for Shared Storage on https://www.googleadservices.com failed. @ https://www.googleadservices.com/pagead/managed/js/activeview/current/reach_worklet.html:0
[   12665ms] [ERROR] Attestation check for Shared Storage on https://www.googleadservices.com failed. @ https://www.googleadservices.com/pagead/managed/js/activeview/current/reach_worklet.html:0
[   12669ms] [ERROR] Attestation check for Shared Storage on https://www.googleadservices.com failed. @ https://www.googleadservices.com/pagead/managed/js/activeview/current/reach_worklet.html:0
[   12671ms] [ERROR] Attestation check for Shared Storage on https://www.googleadservices.com failed. @ https://www.googleadservices.com/pagead/managed/js/activeview/current/reach_worklet.html:0
[   14012ms] [ERROR] Attestation check for Shared Storage on https://www.googleadservices.com failed. @ https://www.googleadservices.com/pagead/managed/js/activeview/current/reach_worklet.html:0
[   14139ms] [ERROR] Attestation check for Shared Storage on https://www.googleadservices.com failed. @ https://www.googleadservices.com/pagead/managed/js/activeview/current/reach_worklet.html:0
[   37881ms] [ERROR] Attestation check for Shared Storage on https://www.googleadservices.com failed. @ https://www.googleadservices.com/pagead/managed/js/activeview/current/reach_worklet.html:0
[   38164ms] [ERROR] Attestation check for Shared Storage on https://www.googleadservices.com failed. @ https://www.googleadservices.com/pagead/managed/js/activeview/current/reach_worklet.html:0
[   38748ms] [ERROR] Attestation check for Shared Storage on https://www.googleadservices.com failed. @ https://www.googleadservices.com/pagead/managed/js/activeview/current/reach_worklet.html:0
[   39055ms] [ERROR] Attestation check for Shared Storage on https://www.googleadservices.com failed. @ https://www.googleadservices.com/pagead/managed/js/activeview/current/reach_worklet.html:0
[   39615ms] [ERROR] Attestation check for Shared Storage on https://www.googleadservices.com failed. @ https://www.googleadservices.com/pagead/managed/js/activeview/current/reach_worklet.html:0
[   40381ms] [ERROR] Attestation check for Shared Storage on https://www.googleadservices.com failed. @ https://www.googleadservices.com/pagead/managed/js/activeview/current/reach_worklet.html:0
[   67611ms] [ERROR] Attestation check for Shared Storage on https://www.googleadservices.com failed. @ https://www.googleadservices.com/pagead/managed/js/activeview/current/reach_worklet.html:0
[   67885ms] [ERROR] Attestation check for Shared Storage on https://www.googleadservices.com failed. @ https://www.googleadservices.com/pagead/managed/js/activeview/current/reach_worklet.html:0
[   68828ms] [ERROR] Attestation check for Shared Storage on https://www.googleadservices.com failed. @ https://www.googleadservices.com/pagead/managed/js/activeview/current/reach_worklet.html:0
[   69231ms] [ERROR] Attestation check for Shared Storage on https://www.googleadservices.com failed. @ https://www.googleadservices.com/pagead/managed/js/activeview/current/reach_worklet.html:0
[   69878ms] [ERROR] Attestation check for Shared Storage on https://www.googleadservices.com failed. @ https://www.googleadservices.com/pagead/managed/js/activeview/current/reach_worklet.html:0
[   95567ms] [ERROR] Attestation check for Shared Storage on https://www.googleadservices.com failed. @ https://www.googleadservices.com/pagead/managed/js/activeview/current/reach_worklet.html:0
[   95965ms] [ERROR] Attestation check for Shared Storage on https://www.googleadservices.com failed. @ https://www.googleadservices.com/pagead/managed/js/activeview/current/reach_worklet.html:0
[   97287ms] [ERROR] Attestation check for Shared Storage on https://www.googleadservices.com failed. @ https://www.googleadservices.com/pagead/managed/js/activeview/current/reach_worklet.html:0
[   98195ms] [ERROR] Attestation check for Shared Storage on https://www.googleadservices.com failed. @ https://www.googleadservices.com/pagead/managed/js/activeview/current/reach_worklet.html:0
[  124406ms] [ERROR] Attestation check for Shared Storage on https://www.googleadservices.com failed. @ https://www.googleadservices.com/pagead/managed/js/activeview/current/reach_worklet.html:0
[  124800ms] [ERROR] Attestation check for Shared Storage on https://www.googleadservices.com failed. @ https://www.googleadservices.com/pagead/managed/js/activeview/current/reach_worklet.html:0
[  125766ms] [ERROR] Attestation check for Shared Storage on https://www.googleadservices.com failed. @ https://www.googleadservices.com/pagead/managed/js/activeview/current/reach_worklet.html:0
[  125818ms] [ERROR] Attestation check for Shared Storage on https://www.googleadservices.com failed. @ https://www.googleadservices.com/pagead/managed/js/activeview/current/reach_worklet.html:0
[  126137ms] [ERROR] Attestation check for Shared Storage on https://www.googleadservices.com failed. @ https://www.googleadservices.com/pagead/managed/js/activeview/current/reach_worklet.html:0
[  126872ms] [ERROR] Attestation check for Shared Storage on https://www.googleadservices.com failed. @ https://www.googleadservices.com/pagead/managed/js/activeview/current/reach_worklet.html:0
[  126971ms] [ERROR] Attestation check for Shared Storage on https://www.googleadservices.com failed. @ https://www.googleadservices.com/pagead/managed/js/activeview/current/reach_worklet.html:0
[  154527ms] [ERROR] Attestation check for Shared Storage on https://www.googleadservices.com failed. @ https://www.googleadservices.com/pagead/managed/js/activeview/current/reach_worklet.html:0
[  154702ms] [ERROR] Attestation check for Shared Storage on https://www.googleadservices.com failed. @ https://www.googleadservices.com/pagead/managed/js/activeview/current/reach_worklet.html:0
[   38057ms] [ERROR] Failed to load resource: net::ERR_NAME_NOT_RESOLVED @ https://cs.lkqd.net/cs?partnerId=109&partnerUserId=be66582b4a&gdpr=0&gdpr_consent=:0
[   38378ms] [ERROR] Failed to load resource: net::ERR_TOO_MANY_REDIRECTS @ https://pxl.iqm.com/i/ck/pubmatic?puid=595AAA24-699C-478D-A656-75A2F548DF90:0
[   38378ms] [ERROR] Failed to load resource: net::ERR_TOO_MANY_REDIRECTS @ https://partners.tremorhub.com/sync?UIIQ=5a2319ad-66fa-4e3d-a813-da5de62fe8db:0
[   12309ms] [ERROR] Attestation check for Shared Storage on https://www.googleadservices.com failed. @ https://www.googleadservices.com/pagead/managed/js/activeview/current/reach_worklet.html:0
[   12371ms] [ERROR] Attestation check for Shared Storage on https://www.googleadservices.com failed. @ https://www.googleadservices.com/pagead/managed/js/activeview/current/reach_worklet.html:0
[   12372ms] [ERROR] Attestation check for Shared Storage on https://www.googleadservices.com failed. @ https://www.googleadservices.com/pagead/managed/js/activeview/current/reach_worklet.html:0
[   12490ms] [ERROR] Attestation check for Shared Storage on https://www.googleadservices.com failed. @ https://www.googleadservices.com/pagead/managed/js/activeview/current/reach_worklet.html:0
[   12494ms] [ERROR] Attestation check for Shared Storage on https://www.googleadservices.com failed. @ https://www.googleadservices.com/pagead/managed/js/activeview/current/reach_worklet.html:0
[   12497ms] [ERROR] Attestation check for Shared Storage on https://www.googleadservices.com failed. @ https://www.googleadservices.com/pagead/managed/js/activeview/current/reach_worklet.html:0
[   12516ms] [ERROR] Attestation check for Shared Storage on https://www.googleadservices.com failed. @ https://www.googleadservices.com/pagead/managed/js/activeview/current/reach_worklet.html:0
[   12665ms] [ERROR] Attestation check for Shared Storage on https://www.googleadservices.com failed. @ https://www.googleadservices.com/pagead/managed/js/activeview/current/reach_worklet.html:0
[   12669ms] [ERROR] Attestation check for Shared Storage on https://www.googleadservices.com failed. @ https://www.googleadservices.com/pagead/managed/js/activeview/current/reach_worklet.html:0
[   12671ms] [ERROR] Attestation check for Shared Storage on https://www.googleadservices.com failed. @ https://www.googleadservices.com/pagead/managed/js/activeview/current/reach_worklet.html:0
[   14012ms] [ERROR] Attestation check for Shared Storage on https://www.googleadservices.com failed. @ https://www.googleadservices.com/pagead/managed/js/activeview/current/reach_worklet.html:0
[   14139ms] [ERROR] Attestation check for Shared Storage on https://www.googleadservices.com failed. @ https://www.googleadservices.com/pagead/managed/js/activeview/current/reach_worklet.html:0
[   37881ms] [ERROR] Attestation check for Shared Storage on https://www.googleadservices.com failed. @ https://www.googleadservices.com/pagead/managed/js/activeview/current/reach_worklet.html:0
[   38164ms] [ERROR] Attestation check for Shared Storage on https://www.googleadservices.com failed. @ https://www.googleadservices.com/pagead/managed/js/activeview/current/reach_worklet.html:0
[   38748ms] [ERROR] Attestation check for Shared Storage on https://www.googleadservices.com failed. @ https://www.googleadservices.com/pagead/managed/js/activeview/current/reach_worklet.html:0
[   39055ms] [ERROR] Attestation check for Shared Storage on https://www.googleadservices.com failed. @ https://www.googleadservices.com/pagead/managed/js/activeview/current/reach_worklet.html:0
[   39615ms] [ERROR] Attestation check for Shared Storage on https://www.googleadservices.com failed. @ https://www.googleadservices.com/pagead/managed/js/activeview/current/reach_worklet.html:0
[   40381ms] [ERROR] Attestation check for Shared Storage on https://www.googleadservices.com failed. @ https://www.googleadservices.com/pagead/managed/js/activeview/current/reach_worklet.html:0
[   67611ms] [ERROR] Attestation check for Shared Storage on https://www.googleadservices.com failed. @ https://www.googleadservices.com/pagead/managed/js/activeview/current/reach_worklet.html:0
[   67885ms] [ERROR] Attestation check for Shared Storage on https://www.googleadservices.com failed. @ https://www.googleadservices.com/pagead/managed/js/activeview/current/reach_worklet.html:0
[   68828ms] [ERROR] Attestation check for Shared Storage on https://www.googleadservices.com failed. @ https://www.googleadservices.com/pagead/managed/js/activeview/current/reach_worklet.html:0
[   69231ms] [ERROR] Attestation check for Shared Storage on https://www.googleadservices.com failed. @ https://www.googleadservices.com/pagead/managed/js/activeview/current/reach_worklet.html:0
[   69878ms] [ERROR] Attestation check for Shared Storage on https://www.googleadservices.com failed. @ https://www.googleadservices.com/pagead/managed/js/activeview/current/reach_worklet.html:0
[   95567ms] [ERROR] Attestation check for Shared Storage on https://www.googleadservices.com failed. @ https://www.googleadservices.com/pagead/managed/js/activeview/current/reach_worklet.html:0
[   95965ms] [ERROR] Attestation check for Shared Storage on https://www.googleadservices.com failed. @ https://www.googleadservices.com/pagead/managed/js/activeview/current/reach_worklet.html:0
[   97287ms] [ERROR] Attestation check for Shared Storage on https://www.googleadservices.com failed. @ https://www.googleadservices.com/pagead/managed/js/activeview/current/reach_worklet.html:0
[   98195ms] [ERROR] Attestation check for Shared Storage on https://www.googleadservices.com failed. @ https://www.googleadservices.com/pagead/managed/js/activeview/current/reach_worklet.html:0
[  124406ms] [ERROR] Attestation check for Shared Storage on https://www.googleadservices.com failed. @ https://www.googleadservices.com/pagead/managed/js/activeview/current/reach_worklet.html:0
[  124800ms] [ERROR] Attestation check for Shared Storage on https://www.googleadservices.com failed. @ https://www.googleadservices.com/pagead/managed/js/activeview/current/reach_worklet.html:0
[  125766ms] [ERROR] Attestation check for Shared Storage on https://www.googleadservices.com failed. @ https://www.googleadservices.com/pagead/managed/js/activeview/current/reach_worklet.html:0
[  125818ms] [ERROR] Attestation check for Shared Storage on https://www.googleadservices.com failed. @ https://www.googleadservices.com/pagead/managed/js/activeview/current/reach_worklet.html:0
[  126137ms] [ERROR] Attestation check for Shared Storage on https://www.googleadservices.com failed. @ https://www.googleadservices.com/pagead/managed/js/activeview/current/reach_worklet.html:0
[  126872ms] [ERROR] Attestation check for Shared Storage on https://www.googleadservices.com failed. @ https://www.googleadservices.com/pagead/managed/js/activeview/current/reach_worklet.html:0
[  126971ms] [ERROR] Attestation check for Shared Storage on https://www.googleadservices.com failed. @ https://www.googleadservices.com/pagead/managed/js/activeview/current/reach_worklet.html:0
[  154527ms] [ERROR] Attestation check for Shared Storage on https://www.googleadservices.com failed. @ https://www.googleadservices.com/pagead/managed/js/activeview/current/reach_worklet.html:0
[  154702ms] [ERROR] Attestation check for Shared Storage on https://www.googleadservices.com failed. @ https://www.googleadservices.com/pagead/managed/js/activeview/current/reach_worklet.html:0
[  154920ms] [ERROR] Attestation check for Shared Storage on https://www.googleadservices.com failed. @ https://www.googleadservices.com/pagead/managed/js/activeview/current/reach_worklet.html:0
[  155317ms] [ERROR] Failed to load resource: the server responded with a status of 404 () @ https://d381188c2bc3eede4a7c5b7a6d2107d5.safeframe.googlesyndication.com/safeframe/1-0-45/html/mraid.js:0
[  155317ms] [ERROR] Refused to execute script from 'https://d381188c2bc3eede4a7c5b7a6d2107d5.safeframe.googlesyndication.com/safeframe/1-0-45/html/mraid.js' because its MIME type ('text/html') is not executable, and strict MIME type checking is enabled. @ https://d381188c2bc3eede4a7c5b7a6d2107d5.safeframe.googlesyndication.com/safeframe/1-0-45/html/container.html:0
[   12309ms] [ERROR] Attestation check for Shared Storage on https://www.googleadservices.com failed. @ https://www.googleadservices.com/pagead/managed/js/activeview/current/reach_worklet.html:0
[   12371ms] [ERROR] Attestation check for Shared Storage on https://www.googleadservices.com failed. @ https://www.googleadservices.com/pagead/managed/js/activeview/current/reach_worklet.html:0
[   12372ms] [ERROR] Attestation check for Shared Storage on https://www.googleadservices.com failed. @ https://www.googleadservices.com/pagead/managed/js/activeview/current/reach_worklet.html:0
[   12490ms] [ERROR] Attestation check for Shared Storage on https://www.googleadservices.com failed. @ https://www.googleadservices.com/pagead/managed/js/activeview/current/reach_worklet.html:0
[   12494ms] [ERROR] Attestation check for Shared Storage on https://www.googleadservices.com failed. @ https://www.googleadservices.com/pagead/managed/js/activeview/current/reach_worklet.html:0
[   12497ms] [ERROR] Attestation check for Shared Storage on https://www.googleadservices.com failed. @ https://www.googleadservices.com/pagead/managed/js/activeview/current/reach_worklet.html:0
[   12516ms] [ERROR] Attestation check for Shared Storage on https://www.googleadservices.com failed. @ https://www.googleadservices.com/pagead/managed/js/activeview/current/reach_worklet.html:0
[   12665ms] [ERROR] Attestation check for Shared Storage on https://www.googleadservices.com failed. @ https://www.googleadservices.com/pagead/managed/js/activeview/current/reach_worklet.html:0
[   12669ms] [ERROR] Attestation check for Shared Storage on https://www.googleadservices.com failed. @ https://www.googleadservices.com/pagead/managed/js/activeview/current/reach_worklet.html:0
[   12671ms] [ERROR] Attestation check for Shared Storage on https://www.googleadservices.com failed. @ https://www.googleadservices.com/pagead/managed/js/activeview/current/reach_worklet.html:0
[   14012ms] [ERROR] Attestation check for Shared Storage on https://www.googleadservices.com failed. @ https://www.googleadservices.com/pagead/managed/js/activeview/current/reach_worklet.html:0
[   14139ms] [ERROR] Attestation check for Shared Storage on https://www.googleadservices.com failed. @ https://www.googleadservices.com/pagead/managed/js/activeview/current/reach_worklet.html:0
[   37881ms] [ERROR] Attestation check for Shared Storage on https://www.googleadservices.com failed. @ https://www.googleadservices.com/pagead/managed/js/activeview/current/reach_worklet.html:0
[   38164ms] [ERROR] Attestation check for Shared Storage on https://www.googleadservices.com failed. @ https://www.googleadservices.com/pagead/managed/js/activeview/current/reach_worklet.html:0
[   38748ms] [ERROR] Attestation check for Shared Storage on https://www.googleadservices.com failed. @ https://www.googleadservices.com/pagead/managed/js/activeview/current/reach_worklet.html:0
[   39055ms] [ERROR] Attestation check for Shared Storage on https://www.googleadservices.com failed. @ https://www.googleadservices.com/pagead/managed/js/activeview/current/reach_worklet.html:0
[   39615ms] [ERROR] Attestation check for Shared Storage on https://www.googleadservices.com failed. @ https://www.googleadservices.com/pagead/managed/js/activeview/current/reach_worklet.html:0
[   40381ms] [ERROR] Attestation check for Shared Storage on https://www.googleadservices.com failed. @ https://www.googleadservices.com/pagead/managed/js/activeview/current/reach_worklet.html:0
[   67611ms] [ERROR] Attestation check for Shared Storage on https://www.googleadservices.com failed. @ https://www.googleadservices.com/pagead/managed/js/activeview/current/reach_worklet.html:0
[   67885ms] [ERROR] Attestation check for Shared Storage on https://www.googleadservices.com failed. @ https://www.googleadservices.com/pagead/managed/js/activeview/current/reach_worklet.html:0
[   68828ms] [ERROR] Attestation check for Shared Storage on https://www.googleadservices.com failed. @ https://www.googleadservices.com/pagead/managed/js/activeview/current/reach_worklet.html:0
[   69231ms] [ERROR] Attestation check for Shared Storage on https://www.googleadservices.com failed. @ https://www.googleadservices.com/pagead/managed/js/activeview/current/reach_worklet.html:0
[   69878ms] [ERROR] Attestation check for Shared Storage on https://www.googleadservices.com failed. @ https://www.googleadservices.com/pagead/managed/js/activeview/current/reach_worklet.html:0
[   95567ms] [ERROR] Attestation check for Shared Storage on https://www.googleadservices.com failed. @ https://www.googleadservices.com/pagead/managed/js/activeview/current/reach_worklet.html:0
[   95965ms] [ERROR] Attestation check for Shared Storage on https://www.googleadservices.com failed. @ https://www.googleadservices.com/pagead/managed/js/activeview/current/reach_worklet.html:0
[   97287ms] [ERROR] Attestation check for Shared Storage on https://www.googleadservices.com failed. @ https://www.googleadservices.com/pagead/managed/js/activeview/current/reach_worklet.html:0
[   98195ms] [ERROR] Attestation check for Shared Storage on https://www.googleadservices.com failed. @ https://www.googleadservices.com/pagead/managed/js/activeview/current/reach_worklet.html:0
[  124406ms] [ERROR] Attestation check for Shared Storage on https://www.googleadservices.com failed. @ https://www.googleadservices.com/pagead/managed/js/activeview/current/reach_worklet.html:0
[  124800ms] [ERROR] Attestation check for Shared Storage on https://www.googleadservices.com failed. @ https://www.googleadservices.com/pagead/managed/js/activeview/current/reach_worklet.html:0
[  125766ms] [ERROR] Attestation check for Shared Storage on https://www.googleadservices.com failed. @ https://www.googleadservices.com/pagead/managed/js/activeview/current/reach_worklet.html:0
[  125818ms] [ERROR] Attestation check for Shared Storage on https://www.googleadservices.com failed. @ https://www.googleadservices.com/pagead/managed/js/activeview/current/reach_worklet.html:0
[  126137ms] [ERROR] Attestation check for Shared Storage on https://www.googleadservices.com failed. @ https://www.googleadservices.com/pagead/managed/js/activeview/current/reach_worklet.html:0
[  126872ms] [ERROR] Attestation check for Shared Storage on https://www.googleadservices.com failed. @ https://www.googleadservices.com/pagead/managed/js/activeview/current/reach_worklet.html:0
[  126971ms] [ERROR] Attestation check for Shared Storage on https://www.googleadservices.com failed. @ https://www.googleadservices.com/pagead/managed/js/activeview/current/reach_worklet.html:0
[  154527ms] [ERROR] Attestation check for Shared Storage on https://www.googleadservices.com failed. @ https://www.googleadservices.com/pagead/managed/js/activeview/current/reach_worklet.html:0
[  154702ms] [ERROR] Attestation check for Shared Storage on https://www.googleadservices.com failed. @ https://www.googleadservices.com/pagead/managed/js/activeview/current/reach_worklet.html:0
[  154920ms] [ERROR] Attestation check for Shared Storage on https://www.googleadservices.com failed. @ https://www.googleadservices.com/pagead/managed/js/activeview/current/reach_worklet.html:0
[  155520ms] [ERROR] Attestation check for Shared Storage on https://www.googleadservices.com failed. @ https://www.googleadservices.com/pagead/managed/js/activeview/current/reach_worklet.html:0
[  156155ms] [WARNING] The resource https://d.pub.network/v2/sites/looperman-com/configs?env=PROD was preloaded using link preload but not used within a few seconds from the window's load event. Please make sure it has an appropriate `as` value and it is preloaded intentionally. @ https://www.looperman.com/loops?page=1&cid=20&gid=19&ftempo=130&ttempo=130:0
[  156155ms] [WARNING] The resource https://www.looperman.com/assets-v3/icons/fonts/looperman-icon.ttf?v=6.1.19 was preloaded using link preload but not used within a few seconds from the window's load event. Please make sure it has an appropriate `as` value and it is preloaded intentionally. @ https://www.looperman.com/loops?page=1&cid=20&gid=19&ftempo=130&ttempo=130:0
[  156441ms] Failed to read a named property 'document' from 'Window': Blocked a frame with origin "https://d381188c2bc3eede4a7c5b7a6d2107d5.safeframe.googlesyndication.com" from accessing a frame with origin "https://www.looperman.com". Protocols, domains, and ports must match.
[  166706ms] [WARNING] The resource https://d.pub.network/v2/sites/looperman-com/configs?env=PROD was preloaded using link preload but not used within a few seconds from the window's load event. Please make sure it has an appropriate `as` value and it is preloaded intentionally. @ https://www.looperman.com/loops?page=1&cid=20&gid=19&ftempo=130&ttempo=130:0
[  166706ms] [WARNING] The resource https://www.looperman.com/assets-v3/icons/fonts/looperman-icon.ttf?v=6.1.19 was preloaded using link preload but not used within a few seconds from the window's load event. Please make sure it has an appropriate `as` value and it is preloaded intentionally. @ https://www.looperman.com/loops?page=1&cid=20&gid=19&ftempo=130&ttempo=130:0
